sample	chromosome	start	end	num.mark	log2
C3L-00977	1	750000	187670000	7838	0.1336
C3L-00977	1	187690000	192090000	221	-0.1982
C3L-00977	1	192110000	249210000	2771	0.0794
C3L-00977	2	30000	243050000	11534	0.0662
C3L-00977	3	70000	133530000	6473	-0.2481
C3L-00977	3	133550000	197850000	3194	0.1566
C3L-00977	4	50000	191030000	9280	0.0689
C3L-00977	5	30000	30310000	1492	0.1615
C3L-00977	5	30330000	43730000	658	0.3552
C3L-00977	5	43750000	180710000	6505	0.1297
C3L-00977	6	170000	170890000	8269	0.0557
C3L-00977	7	50000	33550000	1660	0.3371
C3L-00977	7	33570000	159110000	5757	0.123
C3L-00977	8	190000	146290000	6962	0.1098
C3L-00977	9	210000	76670000	2210	-0.0468
C3L-00977	9	76690000	141070000	3158	0.1521
C3L-00977	10	110000	68030000	2992	-0.0302
C3L-00977	10	68050000	135430000	3305	0.1671
C3L-00977	11	210000	68790000	3150	-0.012
C3L-00977	11	68810000	69630000	39	1.3897
C3L-00977	11	69650000	69950000	13	-0.2988
C3L-00977	11	69970000	70250000	15	1.8017
C3L-00977	11	70270000	70830000	29	-0.3354
C3L-00977	11	70850000	71210000	19	1.6192
C3L-00977	11	71230000	134930000	3135	-0.2138
C3L-00977	12	170000	34230000	1687	0.1551
C3L-00977	12	34250000	133830000	4744	-0.0173
C3L-00977	13	19270000	56050000	1822	-0.1929
C3L-00977	13	56070000	115090000	2910	0.0872
C3L-00977	14	19090000	107270000	4339	0.1359
C3L-00977	15	20070000	102390000	3840	0.2199
C3L-00977	16	90000	31270000	1391	0.0884
C3L-00977	16	31290000	71730000	1329	0.3999
C3L-00977	16	71750000	72890000	58	1.0226
C3L-00977	16	72910000	90150000	854	-0.2517
C3L-00977	17	10000	50290000	2210	0.1763
C3L-00977	17	50310000	50590000	15	-0.8971
C3L-00977	17	50610000	81150000	1498	0.1472
C3L-00977	18	70000	78010000	3672	0.0612
C3L-00977	19	270000	24010000	1122	0.0565
C3L-00977	19	24030000	34470000	322	-0.1233
C3L-00977	19	34490000	59090000	1207	0.045
C3L-00977	20	70000	26130000	1289	0.4435
C3L-00977	20	26150000	62890000	1657	0.1514
C3L-00977	21	9430000	48090000	1671	0.0569
C3L-00977	22	16930000	51170000	1637	0.0769
C3L-00977	23	70000	28930000	1407	0.0256
C3L-00977	23	28950000	30410000	73	-0.7699
C3L-00977	23	30430000	56690000	1247	-0.0104
C3L-00977	23	56710000	155230000	4458	0.1734
C3L-00977	24	2670000	59030000	596	-0.7745
C3L-00987	1	750000	121210000	5847	-0.3521
C3L-00987	1	121230000	225730000	3842	0.1709
C3L-00987	1	225750000	249210000	1140	0.3574
C3L-00987	2	30000	20370000	1003	-0.3043
C3L-00987	2	20390000	222110000	9499	0.173
C3L-00987	2	222130000	231590000	470	-0.2654
C3L-00987	2	231610000	233010000	70	0.1387
C3L-00987	2	233030000	243050000	491	-0.3531
C3L-00987	3	70000	137470000	6669	0.0735
C3L-00987	3	137490000	197850000	2998	0.5632
C3L-00987	4	50000	138530000	6670	-0.3434
C3L-00987	4	138550000	147010000	423	0.255
C3L-00987	4	147030000	191030000	2187	-0.2562
C3L-00987	5	30000	138510000	6588	-0.3555
C3L-00987	5	138530000	146990000	419	0.1751
C3L-00987	5	147010000	180710000	1646	-0.3406
C3L-00987	6	170000	6390000	310	0.5238
C3L-00987	6	6410000	23410000	846	0.1596
C3L-00987	6	23430000	32650000	443	-0.3516
C3L-00987	6	32670000	62970000	1329	0.1731
C3L-00987	6	62990000	63830000	43	-0.7005
C3L-00987	6	63850000	80470000	826	0.1015
C3L-00987	6	80490000	170890000	4472	-0.3492
C3L-00987	7	50000	40890000	2021	-0.3488
C3L-00987	7	40910000	100930000	2576	0.2151
C3L-00987	7	100950000	126130000	1239	0.0355
C3L-00987	7	126150000	159110000	1580	0.1949
C3L-00987	8	190000	31750000	1491	-0.2865
C3L-00987	8	31770000	146290000	5471	0.1756
C3L-00987	9	210000	38570000	1904	-0.3799
C3L-00987	9	38610000	141070000	3464	0.1815
C3L-00987	10	110000	135430000	6296	-0.3262
C3L-00987	11	210000	16610000	800	-0.3326
C3L-00987	11	16630000	134930000	5600	0.1274
C3L-00987	12	170000	20210000	991	0.194
C3L-00987	12	20230000	23730000	175	-0.0794
C3L-00987	12	23750000	28750000	250	0.2457
C3L-00987	12	28770000	28850000	5	-1.6132
C3L-00987	12	28870000	34150000	262	0.2127
C3L-00987	12	34170000	133830000	4748	-0.3649
C3L-00987	13	19270000	33370000	701	0.1407
C3L-00987	13	33390000	37990000	230	0.7847
C3L-00987	13	38010000	99070000	3024	0.1846
C3L-00987	13	99090000	115090000	777	0.6095
C3L-00987	14	19090000	27470000	369	0.2003
C3L-00987	14	27490000	38550000	553	0.5927
C3L-00987	14	38570000	61810000	1155	-0.356
C3L-00987	14	61830000	65330000	176	0.28
C3L-00987	14	65350000	81410000	803	-0.0688
C3L-00987	14	81430000	107270000	1283	0.1704
C3L-00987	15	20070000	102390000	3839	-0.0671
C3L-00987	16	90000	89390000	3593	0.1434
C3L-00987	16	89410000	89590000	10	-1.0391
C3L-00987	16	89610000	90150000	28	-0.1113
C3L-00987	17	10000	22090000	1026	-0.3415
C3L-00987	17	22110000	81150000	2696	0.1724
C3L-00987	18	70000	19190000	761	0.1885
C3L-00987	18	19210000	38550000	963	-0.3523
C3L-00987	18	38570000	38650000	5	-3.1781
C3L-00987	18	38670000	78010000	1943	-0.3042
C3L-00987	19	270000	7770000	366	-0.1132
C3L-00987	19	7790000	58910000	2276	0.1388
C3L-00987	19	58930000	59090000	9	-0.443
C3L-00987	20	70000	29430000	1295	-0.3329
C3L-00987	20	29450000	34050000	220	0.553
C3L-00987	20	34070000	62890000	1431	-0.3226
C3L-00987	21	9430000	21270000	345	0.299
C3L-00987	21	21290000	22790000	76	0.8074
C3L-00987	21	22810000	48090000	1250	-0.3237
C3L-00987	22	16930000	51170000	1637	0.1828
C3L-00987	23	70000	155230000	7185	0.0252
C3L-00987	24	2670000	59010000	594	-0.1373
C3L-00994	1	750000	69370000	3335	-0.0632
C3L-00994	1	69390000	147210000	2593	-0.2009
C3L-00994	1	147230000	249210000	4901	-0.0848
C3L-00994	2	30000	179390000	8377	-0.0848
C3L-00994	2	179410000	179650000	13	-3.144
C3L-00994	2	179670000	243050000	3143	-0.069
C3L-00994	3	70000	84970000	4220	-0.2084
C3L-00994	3	84990000	197850000	5447	-0.079
C3L-00994	4	50000	191030000	9280	-0.0659
C3L-00994	5	30000	49590000	2259	0.4839
C3L-00994	5	49610000	180710000	6394	-0.1617
C3L-00994	6	170000	170890000	8269	0.0202
C3L-00994	7	50000	66610000	2990	0.207
C3L-00994	7	66630000	76850000	416	-0.2308
C3L-00994	7	76870000	85290000	419	0.1609
C3L-00994	7	85310000	159110000	3591	-0.2031
C3L-00994	8	190000	47510000	2084	-0.2004
C3L-00994	8	47530000	146290000	4878	0.0399
C3L-00994	9	210000	22850000	1124	-0.0188
C3L-00994	9	22870000	78090000	1157	0.1524
C3L-00994	9	78110000	83070000	246	-0.0785
C3L-00994	9	83090000	83210000	7	-2.1092
C3L-00994	9	83230000	141070000	2834	-0.0699
C3L-00994	10	110000	32910000	1610	-0.1904
C3L-00994	10	32930000	135430000	4686	-0.0231
C3L-00994	11	210000	64310000	2930	-0.0089
C3L-00994	11	64330000	103990000	1925	0.2858
C3L-00994	11	104010000	134930000	1545	-0.2178
C3L-00994	12	170000	133830000	6431	-0.1049
C3L-00994	13	19270000	115090000	4732	-0.0861
C3L-00994	14	19090000	107270000	4339	-0.0403
C3L-00994	15	20070000	102390000	3839	-0.2273
C3L-00994	16	90000	90150000	3631	-0.067
C3L-00994	17	10000	58790000	2627	-0.0531
C3L-00994	17	58810000	81150000	1095	0.0834
C3L-00994	18	70000	24250000	1012	0.0735
C3L-00994	18	24270000	78010000	2660	-0.1644
C3L-00994	19	270000	59090000	2651	-0.0773
C3L-00994	20	70000	24270000	1206	-0.087
C3L-00994	20	24290000	62890000	1740	0.1622
C3L-00994	21	9430000	18090000	188	-0.0081
C3L-00994	21	18110000	18250000	8	-2.3762
C3L-00994	21	18270000	48090000	1475	-0.0424
C3L-00994	22	16930000	51170000	1637	-0.0509
C3L-00994	23	70000	155230000	7185	-0.1764
C3L-00994	24	2670000	59010000	594	-0.2532
C3L-00995	1	750000	71690000	3451	0.0623
C3L-00995	1	71710000	74070000	119	-0.3215
C3L-00995	1	74090000	105350000	1528	0.0448
C3L-00995	1	105370000	105810000	23	-0.9116
C3L-00995	1	105830000	120030000	697	0.0331
C3L-00995	1	120050000	186970000	1985	0.2497
C3L-00995	1	186990000	196210000	462	0.0017
C3L-00995	1	196230000	249210000	2565	0.1888
C3L-00995	2	30000	243050000	11534	0.0611
C3L-00995	3	70000	29890000	1483	-0.0821
C3L-00995	3	29910000	58810000	1441	0.055
C3L-00995	3	58830000	96170000	1695	-0.1043
C3L-00995	3	96190000	197850000	5048	0.1321
C3L-00995	4	50000	191030000	9280	0.0795
C3L-00995	5	30000	17330000	861	0.0965
C3L-00995	5	17350000	33730000	802	-0.1084
C3L-00995	5	33750000	43850000	493	0.2844
C3L-00995	5	43870000	180710000	6499	-0.0234
C3L-00995	6	170000	170890000	8269	0.0405
C3L-00995	7	50000	48710000	2402	0.231
C3L-00995	7	48730000	91590000	1736	0.0681
C3L-00995	7	91610000	108270000	806	0.2283
C3L-00995	7	108290000	117670000	469	0.0405
C3L-00995	7	117690000	120070000	120	-0.4401
C3L-00995	7	120090000	131790000	578	-0.0179
C3L-00995	7	131830000	131930000	6	1.735
C3L-00995	7	131950000	136210000	211	-0.0542
C3L-00995	7	136230000	141370000	256	0.2072
C3L-00995	7	141390000	144550000	127	0.4435
C3L-00995	7	144570000	159110000	706	0.0816
C3L-00995	8	190000	37530000	1779	-0.0556
C3L-00995	8	37550000	146290000	5183	0.127
C3L-00995	9	210000	24110000	1187	-0.0454
C3L-00995	9	24130000	26510000	119	-0.5207
C3L-00995	9	26530000	141070000	4062	-0.0351
C3L-00995	10	110000	7870000	386	0.0035
C3L-00995	10	7890000	10950000	153	-0.3813
C3L-00995	10	10970000	135430000	5758	0.0347
C3L-00995	11	210000	36690000	1801	0.0926
C3L-00995	11	36710000	42750000	299	-0.1773
C3L-00995	11	42770000	59410000	587	0.0947
C3L-00995	11	59430000	82070000	1110	0.2211
C3L-00995	11	82090000	101970000	960	-0.0373
C3L-00995	11	101990000	103190000	60	0.9949
C3L-00995	11	103210000	134930000	1583	-0.0108
C3L-00995	12	170000	82070000	3870	0.1318
C3L-00995	12	82090000	93090000	548	-0.13
C3L-00995	12	93110000	133830000	2013	0.0785
C3L-00995	13	19270000	115090000	4732	0.1608
C3L-00995	14	19090000	25370000	264	0.1587
C3L-00995	14	25390000	49510000	1202	-0.0895
C3L-00995	14	49530000	107270000	2873	0.0756
C3L-00995	15	20070000	36130000	594	0.1549
C3L-00995	15	36150000	36990000	43	-0.3795
C3L-00995	15	37010000	95110000	2841	0.1984
C3L-00995	15	95130000	98050000	147	-0.2043
C3L-00995	15	98070000	102390000	215	0.1239
C3L-00995	16	90000	60970000	2191	0.1166
C3L-00995	16	60990000	66170000	260	-0.1055
C3L-00995	16	66190000	90150000	1181	0.1174
C3L-00995	17	10000	10170000	501	0.2244
C3L-00995	17	10190000	10430000	13	0.9452
C3L-00995	17	10450000	20950000	466	0.248
C3L-00995	17	20970000	81150000	2743	0.0649
C3L-00995	18	70000	21530000	876	0.1418
C3L-00995	18	21550000	78010000	2796	-0.06
C3L-00995	19	270000	51050000	2253	0.0582
C3L-00995	19	51070000	59090000	398	0.2266
C3L-00995	20	70000	62890000	2946	0.1338
C3L-00995	21	9430000	16810000	124	0.1439
C3L-00995	21	16830000	32410000	774	-0.1284
C3L-00995	21	32430000	48090000	773	0.0925
C3L-00995	22	16930000	21450000	189	0.3461
C3L-00995	22	21470000	51170000	1448	0.0357
C3L-00995	23	70000	155230000	7185	0.1047
C3L-00995	24	2670000	59030000	596	-0.3006
C3L-00997	1	750000	120230000	5828	-0.1298
C3L-00997	1	120250000	203670000	2807	0.0088
C3L-00997	1	203690000	246170000	2059	0.2802
C3L-00997	1	246190000	249210000	136	0.7173
C3L-00997	2	30000	77950000	3864	0.1589
C3L-00997	2	77970000	112630000	1263	-0.1139
C3L-00997	2	112650000	142010000	1403	0.2905
C3L-00997	2	142030000	178050000	1780	-0.0684
C3L-00997	2	178070000	199010000	1044	0.2754
C3L-00997	2	199030000	243050000	2180	-0.1661
C3L-00997	3	70000	15170000	753	-0.2871
C3L-00997	3	15190000	23310000	404	0.1479
C3L-00997	3	23330000	25250000	95	-0.4381
C3L-00997	3	25270000	33430000	408	0.1737
C3L-00997	3	33450000	35130000	85	-0.2706
C3L-00997	3	35150000	35690000	28	-1.1591
C3L-00997	3	35710000	56350000	1029	-0.2132
C3L-00997	3	56370000	60930000	228	0.1285
C3L-00997	3	60950000	94930000	1527	-0.2941
C3L-00997	3	94950000	144790000	2474	0.2482
C3L-00997	3	144810000	197850000	2636	0.4882
C3L-00997	4	50000	47510000	2341	-0.2327
C3L-00997	4	47530000	186170000	6701	-0.0596
C3L-00997	4	186190000	191030000	238	-0.2846
C3L-00997	5	30000	2370000	117	0.5522
C3L-00997	5	2390000	7090000	234	0.1022
C3L-00997	5	7110000	20470000	663	0.4083
C3L-00997	5	20490000	34710000	687	0.1709
C3L-00997	5	34730000	59010000	1027	0.4771
C3L-00997	5	59030000	180710000	5927	-0.0938
C3L-00997	6	170000	34490000	1691	-0.2483
C3L-00997	6	34510000	45230000	531	0.3598
C3L-00997	6	45250000	48030000	139	0.9303
C3L-00997	6	48050000	56550000	423	0.4914
C3L-00997	6	56570000	170890000	5485	0.0175
C3L-00997	7	50000	118850000	5472	0.2268
C3L-00997	7	118870000	118990000	7	2.5086
C3L-00997	7	119010000	159110000	1938	0.269
C3L-00997	8	190000	40590000	1932	-0.3119
C3L-00997	8	40610000	94550000	2469	0.2118
C3L-00997	8	94570000	137410000	2131	0.4234
C3L-00997	8	137430000	146290000	430	0.2321
C3L-00997	9	210000	83730000	2560	-0.2056
C3L-00997	9	83750000	141070000	2808	-0.0344
C3L-00997	10	110000	45230000	2020	0.0013
C3L-00997	10	45250000	78530000	1490	0.141
C3L-00997	10	78550000	135430000	2787	-0.0543
C3L-00997	11	210000	66090000	3019	-0.1109
C3L-00997	11	66110000	70510000	211	1.5637
C3L-00997	11	70530000	134930000	3170	-0.0943
C3L-00997	12	170000	39770000	1769	0.3555
C3L-00997	12	39790000	79190000	1958	0.0876
C3L-00997	12	79210000	79310000	6	2.3196
C3L-00997	12	79330000	133830000	2698	0.1222
C3L-00997	13	19270000	48890000	1474	0.1157
C3L-00997	13	48910000	64930000	790	0.4394
C3L-00997	13	64950000	115090000	2468	-0.0372
C3L-00997	14	19090000	45470000	1266	0.033
C3L-00997	14	45510000	107270000	3073	0.4734
C3L-00997	15	20070000	102390000	3840	0.1167
C3L-00997	16	90000	49970000	1646	0.057
C3L-00997	16	49990000	84750000	1720	0.2125
C3L-00997	16	84770000	90150000	266	0.017
C3L-00997	17	10000	18870000	903	-0.1191
C3L-00997	17	18890000	21230000	91	0.3688
C3L-00997	17	21250000	38890000	679	0.1471
C3L-00997	17	38910000	48930000	469	0.3043
C3L-00997	17	48950000	81150000	1581	-0.0598
C3L-00997	18	70000	43670000	1978	0.1264
C3L-00997	18	43690000	78010000	1694	-0.2603
C3L-00997	19	270000	3630000	168	-0.2973
C3L-00997	19	3650000	14910000	547	0.1831
C3L-00997	19	14930000	18010000	155	0.6738
C3L-00997	19	18030000	18830000	41	0.2194
C3L-00997	19	18850000	35590000	589	-0.2438
C3L-00997	19	35610000	37650000	100	0.3582
C3L-00997	19	37670000	59090000	1051	0.0608
C3L-00997	20	70000	49210000	2270	0.1501
C3L-00997	20	49230000	62890000	676	-0.1306
C3L-00997	21	9430000	48090000	1671	-0.2092
C3L-00997	22	16930000	50690000	1613	0.2957
C3L-00997	22	50710000	51170000	24	-0.3395
C3L-00997	23	70000	54930000	2642	-0.0658
C3L-00997	23	54950000	155230000	4543	0.1361
C3L-00997	24	2670000	59030000	596	-0.6817
C3L-00999	1	750000	249210000	10830	-0.039
C3L-00999	2	30000	243050000	11534	-0.0498
C3L-00999	3	70000	81750000	4060	-0.2032
C3L-00999	3	81770000	197850000	5607	0.0758
C3L-00999	4	50000	191030000	9280	-0.036
C3L-00999	5	30000	49570000	2259	0.088
C3L-00999	5	49590000	120030000	3411	-0.1819
C3L-00999	5	120050000	180710000	2985	-0.048
C3L-00999	6	170000	170890000	8269	-0.0326
C3L-00999	7	50000	24790000	1224	0.2327
C3L-00999	7	24810000	57730000	1603	-0.0399
C3L-00999	7	57750000	110390000	2223	0.3081
C3L-00999	7	110410000	159110000	2367	-0.0106
C3L-00999	8	190000	42670000	2036	0.0016
C3L-00999	8	42690000	146290000	4926	0.2925
C3L-00999	9	210000	141070000	5368	-0.0646
C3L-00999	10	110000	38990000	1895	-0.1659
C3L-00999	10	39010000	56430000	520	0.0369
C3L-00999	10	56450000	57430000	49	0.7632
C3L-00999	10	57450000	135430000	3833	-0.0379
C3L-00999	11	210000	65910000	3010	-0.0404
C3L-00999	11	65930000	70470000	218	0.402
C3L-00999	11	70490000	134930000	3172	-0.0848
C3L-00999	12	170000	133830000	6431	-0.0595
C3L-00999	13	19270000	28350000	451	0.0221
C3L-00999	13	28370000	33830000	273	0.6418
C3L-00999	13	33850000	115090000	4008	0.0664
C3L-00999	14	19090000	107270000	4339	-0.0459
C3L-00999	15	20070000	102390000	3840	-0.0432
C3L-00999	16	90000	90150000	3632	-0.045
C3L-00999	17	10000	81150000	3723	-0.0399
C3L-00999	18	70000	78010000	3672	-0.0544
C3L-00999	19	270000	59090000	2651	-0.0653
C3L-00999	20	70000	62890000	2946	0.0236
C3L-00999	21	9430000	48090000	1671	-0.049
C3L-00999	22	16930000	51170000	1637	-0.0284
C3L-00999	23	70000	155230000	7185	-0.1086
C3L-00999	24	2670000	59030000	596	-0.163
C3L-01138	1	750000	31170000	1439	-0.3073
C3L-01138	1	31190000	36570000	268	0.2288
C3L-01138	1	36590000	37930000	67	-0.4202
C3L-01138	1	37950000	39530000	79	0.1099
C3L-01138	1	39550000	43410000	191	1.1587
C3L-01138	1	43430000	45130000	86	0.731
C3L-01138	1	45150000	51450000	313	0.1754
C3L-01138	1	51470000	53590000	107	-0.214
C3L-01138	1	53610000	54890000	65	0.3689
C3L-01138	1	54910000	55870000	49	-0.4292
C3L-01138	1	55890000	59850000	198	0.5381
C3L-01138	1	59870000	62270000	121	1.6027
C3L-01138	1	62290000	65370000	155	2.3365
C3L-01138	1	65390000	146530000	2757	-0.2398
C3L-01138	1	146550000	190150000	2067	0.2151
C3L-01138	1	190170000	190370000	11	1.9516
C3L-01138	1	190390000	205570000	757	0.2192
C3L-01138	1	205590000	249210000	2100	0.516
C3L-01138	2	30000	96590000	4431	-0.0706
C3L-01138	2	96670000	243050000	7103	-0.29
C3L-01138	3	70000	90270000	4485	-0.2956
C3L-01138	3	90290000	148090000	2711	-0.0345
C3L-01138	3	148110000	156030000	396	0.2385
C3L-01138	3	156050000	197850000	2075	0.5218
C3L-01138	4	50000	91670000	4347	-0.3128
C3L-01138	4	91690000	191030000	4933	-0.0462
C3L-01138	5	30000	180710000	8655	0.1552
C3L-01138	6	170000	140010000	6747	-0.0512
C3L-01138	6	140030000	170890000	1522	0.1799
C3L-01138	7	50000	4210000	205	0.0549
C3L-01138	7	4230000	66550000	2782	0.6221
C3L-01138	7	66570000	78790000	515	0.1627
C3L-01138	7	78810000	96070000	858	0.6481
C3L-01138	7	96090000	109210000	631	1.0838
C3L-01138	7	109230000	159110000	2426	-0.2542
C3L-01138	8	190000	43090000	2057	-0.0843
C3L-01138	8	43110000	146290000	4905	0.172
C3L-01138	9	210000	39150000	1914	-0.329
C3L-01138	9	44170000	77610000	343	0.2291
C3L-01138	9	77630000	141070000	3111	-0.0779
C3L-01138	10	110000	135430000	6297	0.1284
C3L-01138	11	210000	68630000	3142	0.0014
C3L-01138	11	68650000	71930000	154	1.9217
C3L-01138	11	71950000	74550000	128	0.8485
C3L-01138	11	74570000	134930000	2976	-0.3019
C3L-01138	12	170000	73370000	3438	-0.0358
C3L-01138	12	73390000	133830000	2993	0.1625
C3L-01138	13	19270000	92230000	3615	-0.0554
C3L-01138	13	92250000	115090000	1117	-0.3002
C3L-01138	14	19090000	69810000	2477	0.1702
C3L-01138	14	69830000	94550000	1232	-0.0712
C3L-01138	14	94570000	107270000	630	0.1878
C3L-01138	15	20070000	102390000	3840	0.1902
C3L-01138	16	90000	68170000	2551	-0.0717
C3L-01138	16	68190000	90150000	1081	0.1472
C3L-01138	17	10000	19690000	932	-0.2685
C3L-01138	17	19710000	81150000	2791	0.1839
C3L-01138	18	70000	5110000	251	1.0495
C3L-01138	18	5130000	78010000	3421	-0.0431
C3L-01138	19	270000	9470000	445	-0.0995
C3L-01138	19	9490000	9610000	7	0.7592
C3L-01138	19	9630000	14750000	255	-0.0292
C3L-01138	19	14770000	20770000	298	0.1534
C3L-01138	19	20790000	28250000	128	0.407
C3L-01138	19	28270000	59090000	1518	-0.0574
C3L-01138	20	70000	29850000	1305	-0.0136
C3L-01138	20	29870000	62890000	1641	0.2051
C3L-01138	21	9430000	48090000	1671	-0.2589
C3L-01138	22	16930000	28950000	532	-0.256
C3L-01138	22	28970000	51170000	1105	-0.0271
C3L-01138	23	70000	58030000	2794	-0.3468
C3L-01138	23	58050000	155230000	4391	0.157
C3L-01138	24	2670000	59030000	596	-1.1049
C3L-01237	1	750000	9790000	436	0.346
C3L-01237	1	9810000	13810000	159	0.6338
C3L-01237	1	13830000	17410000	168	0.4456
C3L-01237	1	17430000	120470000	5077	-0.2624
C3L-01237	1	120490000	245470000	4819	0.1773
C3L-01237	1	245490000	249210000	171	-0.1848
C3L-01237	2	30000	95370000	4385	0.1475
C3L-01237	2	95410000	142230000	2156	-0.0421
C3L-01237	2	142250000	243050000	4993	0.1462
C3L-01237	3	70000	75750000	3763	-0.2704
C3L-01237	3	75770000	89970000	707	-1.0168
C3L-01237	3	89990000	117550000	1213	-0.1014
C3L-01237	3	117570000	155470000	1881	0.1276
C3L-01237	3	155490000	197850000	2103	0.4964
C3L-01237	4	50000	48030000	2367	-0.2871
C3L-01237	4	48050000	191030000	6913	-0.0592
C3L-01237	5	30000	33790000	1666	0.5671
C3L-01237	5	33810000	180710000	6989	0.3084
C3L-01237	6	170000	57130000	2813	-0.2442
C3L-01237	6	57150000	58070000	46	1.5338
C3L-01237	6	58150000	58710000	25	-0.7245
C3L-01237	6	61970000	62110000	8	1.6508
C3L-01237	6	62250000	65010000	138	0.1852
C3L-01237	6	65030000	65250000	12	2.1467
C3L-01237	6	65270000	65770000	26	1.2327
C3L-01237	6	65790000	75670000	489	0.4197
C3L-01237	6	75690000	85290000	479	1.3029
C3L-01237	6	85310000	87110000	91	0.8892
C3L-01237	6	87130000	87890000	39	1.6857
C3L-01237	6	87910000	170890000	4103	-0.2772
C3L-01237	7	50000	52270000	2577	0.001
C3L-01237	7	52290000	53410000	57	3.4521
C3L-01237	7	53430000	53770000	18	2.8749
C3L-01237	7	53790000	54970000	60	2.0024
C3L-01237	7	54990000	55710000	37	3.1299
C3L-01237	7	55730000	79590000	793	0.1954
C3L-01237	7	79610000	159110000	3875	-0.0186
C3L-01237	8	190000	11670000	518	-0.5337
C3L-01237	8	11690000	39230000	1346	-0.2501
C3L-01237	8	39250000	39390000	8	0.7338
C3L-01237	8	39410000	40030000	32	-0.2729
C3L-01237	8	40050000	40950000	46	0.5174
C3L-01237	8	40970000	41510000	28	-0.1111
C3L-01237	8	41530000	42030000	26	0.3284
C3L-01237	8	42050000	113850000	3356	-0.0498
C3L-01237	8	113870000	146290000	1602	0.1402
C3L-01237	9	210000	141070000	5368	-0.2793
C3L-01237	10	110000	37430000	1834	-0.0287
C3L-01237	10	37450000	57210000	620	-0.2745
C3L-01237	10	57230000	57310000	5	-2.6683
C3L-01237	10	57330000	135430000	3838	-0.2865
C3L-01237	11	210000	68350000	3128	-0.2519
C3L-01237	11	68370000	69490000	54	2.3861
C3L-01237	11	69510000	70390000	42	2.7528
C3L-01237	11	70410000	114630000	2162	-0.2628
C3L-01237	11	114650000	134930000	1014	-0.0297
C3L-01237	12	170000	20530000	1007	-0.2935
C3L-01237	12	20550000	42370000	891	-0.027
C3L-01237	12	42390000	56430000	700	-0.2422
C3L-01237	12	56450000	58910000	121	0.1903
C3L-01237	12	58930000	60610000	85	-0.3701
C3L-01237	12	60630000	65250000	231	0.218
C3L-01237	12	65270000	65910000	33	1.8085
C3L-01237	12	65930000	65950000	2	-1.0419
C3L-01237	12	65970000	66930000	49	0.3162
C3L-01237	12	66950000	67470000	27	-0.3519
C3L-01237	12	67490000	69350000	92	1.3552
C3L-01237	12	69370000	70650000	64	0.8695
C3L-01237	12	70670000	71070000	21	1.5563
C3L-01237	12	71090000	133830000	3108	-0.2502
C3L-01237	13	19270000	115090000	4732	-0.0484
C3L-01237	14	19090000	22390000	117	0.2151
C3L-01237	14	22410000	25950000	176	-0.2152
C3L-01237	14	25970000	40990000	750	0.1612
C3L-01237	14	41010000	41150000	8	-1.6378
C3L-01237	14	41170000	107270000	3288	0.165
C3L-01237	15	20070000	102390000	3840	-0.2114
C3L-01237	16	90000	50450000	1669	-0.0217
C3L-01237	16	50470000	54270000	191	0.388
C3L-01237	16	54290000	70830000	817	-0.0218
C3L-01237	16	70850000	72010000	57	-0.5712
C3L-01237	16	72030000	79070000	350	0.7469
C3L-01237	16	79090000	79190000	6	-0.876
C3L-01237	16	79210000	88990000	484	0.4346
C3L-01237	16	89010000	90150000	58	0.8461
C3L-01237	17	10000	81150000	3723	0.1819
C3L-01237	18	70000	18610000	732	0.1688
C3L-01237	18	18630000	78010000	2940	-0.0676
C3L-01237	19	270000	13290000	634	-0.2258
C3L-01237	19	13310000	22130000	429	0.1999
C3L-01237	19	22150000	54570000	1363	-0.2497
C3L-01237	19	54590000	58370000	189	0.4178
C3L-01237	19	58390000	59090000	36	-0.1635
C3L-01237	20	70000	62890000	2946	0.2006
C3L-01237	21	9430000	48090000	1671	0.1382
C3L-01237	22	16930000	51170000	1637	-0.0262
C3L-01237	23	70000	155230000	7185	0.0939
C3L-01237	24	2670000	59030000	596	-0.6374
C3L-02617	1	750000	35350000	1646	-0.317
C3L-02617	1	35370000	42590000	360	0.5153
C3L-02617	1	42610000	147070000	3916	0.0908
C3L-02617	1	147090000	249210000	4908	-0.1005
C3L-02617	2	30000	186050000	8709	0.0884
C3L-02617	2	186070000	186150000	5	-3.1169
C3L-02617	2	186170000	243050000	2820	0.0803
C3L-02617	3	70000	93530000	4487	-0.3198
C3L-02617	3	93550000	197850000	5180	0.3349
C3L-02617	4	50000	45330000	2232	-0.2453
C3L-02617	4	45350000	95590000	2310	0.5409
C3L-02617	4	95610000	191030000	4738	-0.2427
C3L-02617	5	30000	45890000	2258	0.5059
C3L-02617	5	49570000	136110000	4212	-0.3029
C3L-02617	5	136130000	180710000	2185	0.0578
C3L-02617	6	170000	51110000	2514	0.1479
C3L-02617	6	51130000	170890000	5755	0.3009
C3L-02617	7	50000	159110000	7417	0.153
C3L-02617	8	190000	146290000	6962	-0.0535
C3L-02617	9	210000	76630000	2208	-0.2648
C3L-02617	9	76650000	141070000	3160	-0.0568
C3L-02617	10	110000	135430000	6297	-0.3227
C3L-02617	11	210000	134930000	6400	0.0794
C3L-02617	12	170000	133830000	6431	0.0795
C3L-02617	13	19270000	115090000	4732	-0.3218
C3L-02617	14	19090000	46450000	1314	-0.3218
C3L-02617	14	46470000	46650000	10	-1.85
C3L-02617	14	46670000	107270000	3015	-0.2763
C3L-02617	15	20070000	102390000	3840	0.1553
C3L-02617	16	90000	3230000	155	0.5957
C3L-02617	16	3250000	33950000	1289	0.3458
C3L-02617	16	34210000	64410000	919	-0.3146
C3L-02617	16	64430000	64530000	6	1.2547
C3L-02617	16	64550000	90150000	1263	-0.3012
C3L-02617	17	10000	22090000	1026	-0.0426
C3L-02617	17	22110000	81150000	2697	0.1455
C3L-02617	18	70000	26890000	1144	0.085
C3L-02617	18	26910000	78010000	2528	-0.1423
C3L-02617	19	270000	22670000	1082	0.074
C3L-02617	19	22690000	59090000	1569	-0.0577
C3L-02617	20	70000	62890000	2946	0.0356
C3L-02617	21	9430000	48090000	1671	-0.0629
C3L-02617	22	16930000	51170000	1637	0.0952
C3L-02617	23	70000	155230000	7185	0.063
C3L-02617	24	2670000	59030000	596	-0.9154
C3L-02621	1	750000	71930000	3463	0.0207
C3L-02621	1	71950000	72190000	13	-1.2644
C3L-02621	1	72210000	101890000	1468	0.0243
C3L-02621	1	101910000	107310000	252	-0.3371
C3L-02621	1	107330000	249210000	5634	0.0537
C3L-02621	2	30000	243050000	11534	0.0129
C3L-02621	3	70000	94550000	4538	-0.1221
C3L-02621	3	94570000	197850000	5129	0.2043
C3L-02621	4	50000	57050000	2638	-0.0146
C3L-02621	4	57070000	176030000	5897	-0.1507
C3L-02621	4	176050000	191030000	745	-0.0102
C3L-02621	5	30000	45890000	2258	0.1999
C3L-02621	5	49570000	99350000	2384	-0.1277
C3L-02621	5	99370000	99510000	5	-2.9802
C3L-02621	5	99530000	180710000	4008	-0.1466
C3L-02621	6	170000	62390000	2899	-0.1159
C3L-02621	6	62410000	170890000	5370	0.0369
C3L-02621	7	50000	79010000	3513	0.0219
C3L-02621	7	79030000	153050000	3614	0.23
C3L-02621	7	153070000	159110000	290	0.0849
C3L-02621	8	190000	34310000	1618	-0.1418
C3L-02621	8	34330000	37250000	147	0.0657
C3L-02621	8	37270000	43330000	304	0.3597
C3L-02621	8	43350000	146290000	4893	0.0213
C3L-02621	9	210000	22010000	1082	0.0016
C3L-02621	9	22030000	25670000	183	-0.521
C3L-02621	9	25690000	141070000	4103	-0.0045
C3L-02621	10	110000	4610000	225	0.0156
C3L-02621	10	4630000	6810000	109	0.4115
C3L-02621	10	6830000	39030000	1563	0.0341
C3L-02621	10	42650000	114950000	3397	-0.1186
C3L-02621	10	114970000	135430000	1003	-0.0191
C3L-02621	11	210000	134930000	6400	-0.1056
C3L-02621	12	170000	133830000	6431	0.0425
C3L-02621	13	19270000	115090000	4732	-0.1577
C3L-02621	14	19090000	25810000	286	-0.0168
C3L-02621	14	25830000	28490000	134	-0.5489
C3L-02621	14	28510000	107270000	3919	-0.0505
C3L-02621	15	20070000	102390000	3840	0.09
C3L-02621	16	90000	90150000	3632	-0.0228
C3L-02621	17	10000	17770000	866	-0.0648
C3L-02621	17	17790000	51030000	1381	0.0723
C3L-02621	17	51050000	51330000	14	-1.2008
C3L-02621	17	51350000	81150000	1462	0.0245
C3L-02621	18	70000	78010000	3672	-0.0166
C3L-02621	19	270000	4910000	232	0.066
C3L-02621	19	4930000	21230000	795	0.2049
C3L-02621	19	21250000	31970000	292	-0.0666
C3L-02621	19	31990000	59090000	1332	0.1853
C3L-02621	20	70000	62890000	2946	0.0363
C3L-02621	21	9430000	48090000	1671	0.0161
C3L-02621	22	16930000	51170000	1637	0.1666
C3L-02621	23	70000	155230000	7185	0.0051
C3L-02621	24	2670000	59030000	596	-0.3676
C3L-02651	1	750000	107890000	5225	0.0686
C3L-02651	1	107910000	146830000	685	-0.1698
C3L-02651	1	146850000	249210000	4920	0.0433
C3L-02651	2	30000	40390000	1995	0.0854
C3L-02651	2	40410000	41950000	78	0.7357
C3L-02651	2	41970000	126610000	3730	0.1063
C3L-02651	2	126630000	161270000	1675	-0.0984
C3L-02651	2	161290000	243050000	4056	0.0709
C3L-02651	3	70000	114510000	5531	-0.1225
C3L-02651	3	114530000	197850000	4136	0.0997
C3L-02651	4	50000	53830000	2478	-0.1082
C3L-02651	4	53850000	191030000	6802	0.1296
C3L-02651	5	30000	21010000	1036	0.3858
C3L-02651	5	21030000	180710000	7619	0.1127
C3L-02651	6	170000	70370000	3296	0.0713
C3L-02651	6	70390000	170890000	4973	-0.0916
C3L-02651	7	50000	108410000	4951	0.087
C3L-02651	7	108430000	159110000	2466	-0.1611
C3L-02651	8	190000	43150000	2060	-0.1541
C3L-02651	8	43170000	146290000	4902	0.0583
C3L-02651	9	210000	22350000	1099	0.2526
C3L-02651	9	22370000	23330000	49	-0.8908
C3L-02651	9	23350000	38750000	764	0.1412
C3L-02651	9	38770000	81310000	527	-0.1734
C3L-02651	9	81330000	141070000	2929	0.0643
C3L-02651	10	110000	135430000	6297	0.0695
C3L-02651	11	210000	20990000	1018	0.0201
C3L-02651	11	21010000	47530000	1321	0.2476
C3L-02651	11	47550000	68990000	821	-0.0028
C3L-02651	11	69010000	71070000	98	0.7056
C3L-02651	11	71090000	134930000	3142	-0.079
C3L-02651	12	170000	133830000	6431	0.0842
C3L-02651	13	19270000	115090000	4732	-0.0662
C3L-02651	14	19090000	25290000	260	-0.3669
C3L-02651	14	25310000	106210000	4026	0.0982
C3L-02651	14	106230000	107270000	53	-0.2872
C3L-02651	15	20070000	35830000	579	0.1845
C3L-02651	15	35850000	39710000	194	0.5435
C3L-02651	15	39730000	102390000	3067	0.1484
C3L-02651	16	90000	33570000	1438	0.0424
C3L-02651	16	33590000	90150000	2194	-0.1663
C3L-02651	17	10000	81150000	3723	0.0182
C3L-02651	18	70000	78010000	3672	0.1371
C3L-02651	19	270000	22150000	1064	-0.1463
C3L-02651	19	22170000	28270000	70	-0.4756
C3L-02651	19	28290000	32330000	203	0.1872
C3L-02651	19	32350000	59090000	1314	-0.0467
C3L-02651	20	70000	41750000	1898	0.0294
C3L-02651	20	41770000	57830000	801	-0.1856
C3L-02651	20	57850000	62890000	247	0.0454
C3L-02651	21	9430000	42690000	1408	0.095
C3L-02651	21	42710000	48090000	263	-0.3153
C3L-02651	22	16930000	51170000	1637	0.0371
C3L-02651	23	70000	92330000	4151	0.1299
C3L-02651	23	92350000	155230000	3034	0.5694
C3L-02651	24	2670000	59030000	596	-0.3082
C3L-03378	1	750000	120210000	5827	-0.3242
C3L-03378	1	120230000	249210000	5002	0.5697
C3L-03378	2	30000	243050000	11533	0.1137
C3L-03378	3	70000	90290000	4486	-0.3273
C3L-03378	3	93530000	197850000	5181	0.6208
C3L-03378	4	50000	61930000	2877	-0.265
C3L-03378	4	61950000	191030000	6403	-0.1164
C3L-03378	5	30000	49570000	2258	0.1999
C3L-03378	5	49590000	180710000	6395	-0.0521
C3L-03378	6	170000	24370000	1204	-0.0297
C3L-03378	6	24390000	67090000	1930	0.209
C3L-03378	6	67110000	170890000	5135	-0.2201
C3L-03378	7	50000	159110000	7416	0.1529
C3L-03378	8	190000	146290000	6962	0.1361
C3L-03378	9	210000	71310000	1944	-0.0266
C3L-03378	9	71330000	119210000	2353	0.1764
C3L-03378	9	119230000	141070000	1071	-0.0464
C3L-03378	10	110000	83030000	3720	0.1001
C3L-03378	10	83050000	89630000	313	-0.2727
C3L-03378	10	89650000	90250000	31	-1.2831
C3L-03378	10	90270000	116590000	1312	-0.2986
C3L-03378	10	116610000	135430000	920	0.0806
C3L-03378	11	210000	134930000	6400	-0.0794
C3L-03378	12	170000	34210000	1686	0.3463
C3L-03378	12	34230000	75470000	1856	0.1401
C3L-03378	12	75490000	75590000	6	2.389
C3L-03378	12	75610000	133830000	2883	0.1259
C3L-03378	13	19270000	115090000	4732	-0.3783
C3L-03378	14	19090000	107270000	4339	0.1585
C3L-03378	15	20070000	102390000	3839	-0.0522
C3L-03378	16	90000	46770000	1488	-0.081
C3L-03378	16	46790000	90150000	2143	-0.3424
C3L-03378	17	10000	81150000	3722	0.1637
C3L-03378	18	70000	78010000	3672	-0.0391
C3L-03378	19	270000	32830000	1362	-0.0667
C3L-03378	19	32850000	59090000	1289	0.198
C3L-03378	20	70000	21650000	1075	0.1689
C3L-03378	20	21670000	26190000	217	0.7522
C3L-03378	20	26210000	62890000	1654	0.1505
C3L-03378	21	9430000	48090000	1671	-0.336
C3L-03378	22	16930000	29430000	556	-0.2526
C3L-03378	22	29450000	39250000	491	0.7895
C3L-03378	22	39270000	40450000	60	1.2314
C3L-03378	22	40470000	43030000	129	0.7619
C3L-03378	22	43050000	44030000	50	0.3912
C3L-03378	22	44050000	51170000	351	-0.485
C3L-03378	23	70000	33610000	1636	-0.3181
C3L-03378	23	33630000	41950000	411	0.0688
C3L-03378	23	41970000	53770000	538	-0.2576
C3L-03378	23	53790000	54990000	60	0.6603
C3L-03378	23	55010000	56470000	71	-0.3543
C3L-03378	23	56490000	56770000	15	0.3382
C3L-03378	23	56790000	57430000	33	2.0499
C3L-03378	23	57450000	155230000	4421	0.535
C3L-03378	24	2670000	59010000	594	-1.1504
C3L-04025	1	750000	249210000	10830	0.0077
C3L-04025	2	30000	243050000	11534	0.0701
C3L-04025	3	70000	197850000	9667	0.0235
C3L-04025	4	50000	191030000	9280	0.0272
C3L-04025	5	30000	180710000	8655	0.0345
C3L-04025	6	170000	170890000	8269	0.0095
C3L-04025	7	50000	159110000	7417	0.0941
C3L-04025	8	190000	146290000	6962	0.0751
C3L-04025	9	210000	141070000	5368	0.0017
C3L-04025	10	110000	135430000	6297	0.0098
C3L-04025	11	210000	134930000	6400	0.0138
C3L-04025	12	170000	133830000	6431	0.0145
C3L-04025	13	19270000	115090000	4732	0.0403
C3L-04025	14	19090000	107270000	4339	0.0182
C3L-04025	15	20070000	102390000	3840	0.0081
C3L-04025	16	90000	90150000	3632	0.0065
C3L-04025	17	10000	81150000	3723	1e-04
C3L-04025	18	70000	78010000	3672	0.0252
C3L-04025	19	270000	59090000	2651	-0.0095
C3L-04025	20	70000	62890000	2946	-0.0171
C3L-04025	21	9430000	48090000	1671	0.0232
C3L-04025	22	16930000	51170000	1637	0.0011
C3L-04025	23	70000	125890000	5789	0.0321
C3L-04025	23	125910000	126690000	40	-0.9129
C3L-04025	23	126710000	155230000	1356	-0.0053
C3L-04025	24	2670000	59030000	596	-0.0595
C3L-04354	1	750000	249210000	10830	0.075
C3L-04354	2	30000	243050000	11534	0.0722
C3L-04354	3	70000	71210000	3537	-0.3068
C3L-04354	3	71230000	85970000	733	0.0088
C3L-04354	3	85990000	93570000	219	-0.3227
C3L-04354	3	93590000	197850000	5178	0.3837
C3L-04354	4	50000	52730000	2423	-0.3194
C3L-04354	4	52750000	191030000	6857	0.0891
C3L-04354	5	30000	49570000	2259	0.7133
C3L-04354	5	49590000	89190000	1883	-0.324
C3L-04354	5	89210000	89310000	6	2.0666
C3L-04354	5	89330000	180710000	4507	-0.3014
C3L-04354	6	170000	16770000	827	0.3751
C3L-04354	6	16790000	170890000	7442	0.0951
C3L-04354	7	50000	124430000	5751	0.3374
C3L-04354	7	124450000	159110000	1666	-0.3308
C3L-04354	8	190000	56450000	2518	0.0595
C3L-04354	8	56470000	146290000	4444	-0.3087
C3L-04354	9	210000	21610000	1062	-0.3519
C3L-04354	9	21630000	23310000	85	-1.0984
C3L-04354	9	23330000	27990000	233	-0.2645
C3L-04354	9	28010000	28110000	6	2.1673
C3L-04354	9	28130000	38690000	523	-0.2802
C3L-04354	9	38710000	90350000	980	0.3579
C3L-04354	9	90370000	141070000	2479	0.0622
C3L-04354	10	110000	135430000	6297	0.0712
C3L-04354	11	210000	9650000	454	-0.2862
C3L-04354	11	9670000	57610000	2143	0.0502
C3L-04354	11	57630000	58230000	31	0.9128
C3L-04354	11	58250000	69270000	543	0.3325
C3L-04354	11	69290000	70410000	54	1.0872
C3L-04354	11	70430000	70630000	11	1.795
C3L-04354	11	70650000	70710000	4	1.0807
C3L-04354	11	70730000	71490000	34	0.6089
C3L-04354	11	71510000	134930000	3126	-0.32
C3L-04354	12	170000	133830000	6431	0.0793
C3L-04354	13	19270000	115090000	4732	-0.2919
C3L-04354	14	19090000	107270000	4339	0.0777
C3L-04354	15	20070000	102390000	3840	0.0792
C3L-04354	16	90000	72850000	2776	0.0616
C3L-04354	16	72870000	90150000	856	-0.3018
C3L-04354	17	10000	52650000	2327	0.0757
C3L-04354	17	52670000	52750000	5	1.8597
C3L-04354	17	52770000	81150000	1391	0.0806
C3L-04354	18	70000	14590000	712	0.5809
C3L-04354	18	14690000	20430000	110	0.1528
C3L-04354	18	20450000	78010000	2850	-0.2908
C3L-04354	19	270000	59090000	2651	0.0479
C3L-04354	20	70000	17350000	861	0.2942
C3L-04354	20	17370000	62890000	2085	0.0685
C3L-04354	21	9430000	48090000	1671	-0.2737
C3L-04354	22	16930000	25810000	376	0.078
C3L-04354	22	25830000	31090000	263	0.3778
C3L-04354	22	31110000	51170000	998	0.0322
C3L-04354	23	70000	155230000	7185	0.0932
C3L-04354	24	2670000	59030000	596	-0.829
C3L-04791	1	750000	23330000	1057	0.5621
C3L-04791	1	23350000	249210000	9773	-0.017
C3L-04791	2	30000	243050000	11534	-0.0196
C3L-04791	3	70000	90290000	4486	-0.2531
C3L-04791	3	93530000	197850000	5181	0.1711
C3L-04791	4	50000	54550000	2514	-0.0918
C3L-04791	4	54570000	70650000	795	-0.3597
C3L-04791	4	70670000	191030000	5971	0.0172
C3L-04791	5	30000	180710000	8655	-0.0697
C3L-04791	6	170000	19030000	940	0.1461
C3L-04791	6	19050000	66390000	2159	-0.209
C3L-04791	6	66410000	170890000	5170	-0.0113
C3L-04791	7	50000	159110000	7417	-0.0287
C3L-04791	8	190000	69750000	3179	-0.2348
C3L-04791	8	69770000	146290000	3783	0.2754
C3L-04791	9	210000	33710000	1661	-0.2872
C3L-04791	9	33730000	34550000	42	0.1814
C3L-04791	9	34570000	34970000	21	0.6569
C3L-04791	9	34990000	36010000	52	1.1368
C3L-04791	9	36030000	36890000	44	0.7389
C3L-04791	9	36910000	37930000	52	0.1327
C3L-04791	9	37950000	68350000	52	-0.5355
C3L-04791	9	68390000	120790000	2451	0.1799
C3L-04791	9	120810000	120930000	7	-1.7396
C3L-04791	9	120950000	141070000	986	0.1895
C3L-04791	10	110000	135430000	6297	-0.0288
C3L-04791	11	210000	39090000	1920	-0.274
C3L-04791	11	39110000	132030000	4335	0.008
C3L-04791	11	132050000	134930000	145	-0.3638
C3L-04791	12	170000	133830000	6431	-0.0467
C3L-04791	13	19270000	115090000	4732	-0.0282
C3L-04791	14	19090000	107270000	4339	-0.0264
C3L-04791	15	20070000	65070000	2028	0.1671
C3L-04791	15	65090000	102390000	1812	-0.0098
C3L-04791	16	90000	52670000	1780	-0.0758
C3L-04791	16	52690000	84770000	1587	0.1888
C3L-04791	16	84790000	90150000	265	0.0334
C3L-04791	17	10000	67570000	3055	-0.0178
C3L-04791	17	67590000	81150000	668	-0.2518
C3L-04791	18	70000	78010000	3672	-0.1085
C3L-04791	19	270000	59090000	2651	-0.0259
C3L-04791	20	70000	62890000	2946	-0.0269
C3L-04791	21	9430000	48090000	1671	-0.0033
C3L-04791	22	16930000	51170000	1637	-0.0494
C3L-04791	23	70000	155230000	7185	-0.098
C3L-04791	24	2670000	59030000	596	-0.4943
C3L-04844	1	750000	249210000	10829	0.029
C3L-04844	2	30000	24570000	1211	-0.3626
C3L-04844	2	24610000	97070000	3239	0.0406
C3L-04844	2	97090000	115070000	783	0.3496
C3L-04844	2	115090000	116190000	54	-0.0622
C3L-04844	2	116210000	243050000	6246	-0.355
C3L-04844	3	70000	138150000	6703	-0.3623
C3L-04844	3	138170000	197850000	2964	0.5933
C3L-04844	4	50000	191030000	9280	-0.3359
C3L-04844	5	30000	45750000	2250	0.3024
C3L-04844	5	45770000	180710000	6403	-0.3644
C3L-04844	6	170000	170890000	8269	0.0338
C3L-04844	7	50000	62930000	2850	0.2914
C3L-04844	7	63270000	81130000	767	0.0363
C3L-04844	7	81150000	84270000	157	0.6455
C3L-04844	7	84290000	84410000	7	2.6578
C3L-04844	7	84430000	118550000	1676	0.5742
C3L-04844	7	118570000	120390000	92	1.7083
C3L-04844	7	120410000	121730000	67	-1.0266
C3L-04844	7	121750000	122970000	62	2.1254
C3L-04844	7	122990000	129430000	320	-0.8807
C3L-04844	7	129450000	130110000	34	1.9394
C3L-04844	7	130130000	132210000	99	1.2602
C3L-04844	7	132230000	159110000	1285	-0.8557
C3L-04844	8	190000	2370000	110	0.3568
C3L-04844	8	2390000	47530000	1975	0.0296
C3L-04844	8	47590000	146290000	4877	0.3204
C3L-04844	9	210000	44870000	1922	-0.3461
C3L-04844	9	66530000	141070000	3446	0.2751
C3L-04844	10	110000	135430000	6296	0.2984
C3L-04844	11	210000	68610000	3141	-0.3587
C3L-04844	11	68630000	69490000	41	2.6333
C3L-04844	11	69510000	70030000	24	1.4918
C3L-04844	11	70050000	73530000	167	0.455
C3L-04844	11	73550000	134930000	3027	-0.367
C3L-04844	12	170000	47210000	2140	0.2807
C3L-04844	12	47230000	59210000	594	-0.3332
C3L-04844	12	59230000	133830000	3697	0.2532
C3L-04844	13	19270000	66530000	2344	-0.3595
C3L-04844	13	66550000	115090000	2388	0.0237
C3L-04844	14	19090000	107270000	4339	0.324
C3L-04844	15	20070000	102390000	3839	-0.3657
C3L-04844	16	90000	90150000	3631	-0.0915
C3L-04844	17	10000	81150000	3722	0.2664
C3L-04844	18	70000	18650000	734	0.0387
C3L-04844	18	18670000	62310000	2163	-0.3715
C3L-04844	18	62330000	63290000	49	0.0768
C3L-04844	18	63310000	78010000	726	-0.923
C3L-04844	19	270000	23030000	1094	0.014
C3L-04844	19	23050000	38750000	560	0.2834
C3L-04844	19	38770000	59090000	997	-0.0519
C3L-04844	20	70000	26190000	1292	-0.3985
C3L-04844	20	26210000	62890000	1654	0.0078
C3L-04844	21	9430000	19890000	276	0.262
C3L-04844	21	19910000	25830000	297	0.557
C3L-04844	21	25850000	48090000	1098	0.2405
C3L-04844	22	16930000	47310000	1450	-0.0172
C3L-04844	22	47330000	51170000	187	0.3
C3L-04844	23	70000	57970000	2791	0.1403
C3L-04844	23	57990000	155230000	4394	-0.3914
C3L-04844	24	2670000	59010000	594	0.0054
C3L-04849	1	750000	84670000	4086	0.0781
C3L-04849	1	84690000	187770000	3757	0.1677
C3L-04849	1	187790000	249210000	2987	0.0301
C3L-04849	2	30000	18970000	934	0.0341
C3L-04849	2	18990000	139490000	5470	0.1448
C3L-04849	2	139510000	243050000	5130	0.0163
C3L-04849	3	70000	90230000	4483	-0.2916
C3L-04849	3	90250000	197850000	5184	0.3749
C3L-04849	4	50000	47290000	2330	-0.3057
C3L-04849	4	47310000	64230000	660	0.2828
C3L-04849	4	64250000	66990000	138	1.0747
C3L-04849	4	67010000	191030000	6152	0.1998
C3L-04849	5	30000	30510000	1502	0.1565
C3L-04849	5	30530000	44090000	666	0.4007
C3L-04849	5	44110000	56410000	431	0.1377
C3L-04849	5	56430000	103650000	2253	-0.2016
C3L-04849	5	103670000	103870000	11	-1.8374
C3L-04849	5	103890000	180710000	3792	-0.1962
C3L-04849	6	170000	170890000	8269	-0.2731
C3L-04849	7	50000	63530000	2863	0.5515
C3L-04849	7	63550000	108210000	2078	0.2272
C3L-04849	7	108230000	159110000	2476	-0.2158
C3L-04849	8	190000	48470000	2123	-0.0994
C3L-04849	8	48490000	91550000	2128	0.2465
C3L-04849	8	91570000	123810000	1606	0.4963
C3L-04849	8	123830000	135610000	587	1.025
C3L-04849	8	135630000	136390000	38	0.5954
C3L-04849	8	136410000	146290000	480	-0.004
C3L-04849	9	210000	37930000	1872	0.2882
C3L-04849	9	37950000	123130000	2620	0.1148
C3L-04849	9	123150000	123970000	42	0.6528
C3L-04849	9	123990000	136630000	624	0.2501
C3L-04849	9	136650000	139530000	136	0.0121
C3L-04849	9	139550000	141070000	74	0.3098
C3L-04849	10	110000	135430000	6297	0.0691
C3L-04849	11	210000	56030000	2518	0.1515
C3L-04849	11	56050000	68650000	625	0.4715
C3L-04849	11	68670000	71110000	117	1.7166
C3L-04849	11	71130000	72610000	69	2.3291
C3L-04849	11	72630000	134930000	3071	-0.284
C3L-04849	12	170000	41590000	1860	0.0556
C3L-04849	12	41610000	133830000	4571	-0.192
C3L-04849	13	19270000	115090000	4732	-0.0328
C3L-04849	14	19090000	107270000	4339	0.0975
C3L-04849	15	20070000	37550000	665	-0.2358
C3L-04849	15	37570000	37670000	6	2.0398
C3L-04849	15	37690000	51610000	689	-0.0688
C3L-04849	15	51630000	56750000	256	0.3749
C3L-04849	15	56770000	102390000	2224	-0.2085
C3L-04849	16	90000	53230000	1808	0.1047
C3L-04849	16	53250000	59150000	292	0.3651
C3L-04849	16	59170000	63090000	197	0.0608
C3L-04849	16	63110000	76570000	662	0.405
C3L-04849	16	76590000	90150000	673	0.1781
C3L-04849	17	10000	21690000	1011	0.0304
C3L-04849	17	21710000	74770000	2402	0.2778
C3L-04849	17	74790000	81150000	310	0.1371
C3L-04849	18	70000	22030000	901	0.166
C3L-04849	18	22050000	28550000	325	-0.3841
C3L-04849	18	28570000	78010000	2446	-0.0286
C3L-04849	19	270000	32770000	1359	-0.0455
C3L-04849	19	32790000	59090000	1292	0.1213
C3L-04849	20	70000	21890000	1087	0.2982
C3L-04849	20	21910000	22970000	54	-0.2453
C3L-04849	20	22990000	24070000	55	0.3909
C3L-04849	20	24090000	24670000	30	-0.197
C3L-04849	20	24690000	38350000	502	0.4683
C3L-04849	20	38370000	38810000	23	-0.3509
C3L-04849	20	38830000	62890000	1195	0.3637
C3L-04849	21	9430000	48090000	1671	-0.3025
C3L-04849	22	16930000	23710000	276	0.4973
C3L-04849	22	23730000	32930000	455	0.2093
C3L-04849	22	32950000	50510000	873	-0.0508
C3L-04849	22	50530000	51170000	33	0.2762
C3L-04849	23	70000	85830000	3962	-0.2639
C3L-04849	23	85850000	155230000	3223	0.3912
C3L-04849	24	2670000	13630000	170	-0.1806
C3L-04849	24	13890000	59030000	426	-1.0388
C3N-00204	1	750000	970000	11	-0.7049
C3N-00204	1	990000	4170000	146	0.6286
C3N-00204	1	4190000	5550000	67	-0.434
C3N-00204	1	5570000	5730000	9	0.0976
C3N-00204	1	5750000	6230000	25	-0.3807
C3N-00204	1	6250000	10770000	227	0.1658
C3N-00204	1	10790000	32890000	1038	-0.2135
C3N-00204	1	32910000	38110000	260	0.4913
C3N-00204	1	38130000	45010000	341	0.7192
C3N-00204	1	45030000	56370000	565	0.1381
C3N-00204	1	56390000	58750000	118	-0.1079
C3N-00204	1	58770000	85510000	1321	0.0404
C3N-00204	1	85530000	118950000	1636	-0.0708
C3N-00204	1	118970000	121330000	89	0.1867
C3N-00204	1	142610000	150130000	119	-0.1608
C3N-00204	1	150150000	223630000	3623	0.1841
C3N-00204	1	223650000	224410000	29	0.4331
C3N-00204	1	224430000	247210000	1122	0.1582
C3N-00204	1	247230000	247330000	6	-1.3925
C3N-00204	1	247350000	249210000	78	0.0941
C3N-00204	2	30000	2870000	143	0.0249
C3N-00204	2	2890000	41930000	1929	0.1212
C3N-00204	2	41950000	54250000	614	0.007
C3N-00204	2	54270000	56330000	104	0.1603
C3N-00204	2	56350000	63350000	349	0.0273
C3N-00204	2	63370000	63530000	8	-0.9928
C3N-00204	2	63550000	92130000	1236	0.0368
C3N-00204	2	92170000	102410000	311	0.1248
C3N-00204	2	102430000	102810000	20	0.706
C3N-00204	2	102830000	121330000	828	0.0436
C3N-00204	2	121350000	125250000	194	0.1604
C3N-00204	2	125270000	131550000	290	0.0599
C3N-00204	2	131570000	131830000	14	-0.4951
C3N-00204	2	131850000	164490000	1598	0.0977
C3N-00204	2	164510000	165310000	41	-0.7166
C3N-00204	2	165330000	177150000	587	0.2068
C3N-00204	2	177170000	179450000	114	0.5197
C3N-00204	2	179470000	179590000	7	-0.0693
C3N-00204	2	179610000	181630000	102	0.494
C3N-00204	2	181650000	181850000	11	0.0387
C3N-00204	2	181870000	194970000	652	-0.1376
C3N-00204	2	194990000	203870000	441	-0.2226
C3N-00204	2	203890000	205130000	63	0.0269
C3N-00204	2	205150000	206850000	86	-0.2015
C3N-00204	2	206870000	239910000	1637	-0.3261
C3N-00204	2	239930000	241270000	67	-0.501
C3N-00204	2	241290000	243050000	88	0.3168
C3N-00204	3	70000	30090000	1493	-0.241
C3N-00204	3	30110000	30450000	18	0.0816
C3N-00204	3	30470000	48070000	879	-0.2366
C3N-00204	3	48090000	75730000	1372	-0.4756
C3N-00204	3	75750000	75830000	5	-1.2816
C3N-00204	3	75850000	90290000	719	-0.4591
C3N-00204	3	93530000	104030000	522	0.0128
C3N-00204	3	104050000	127210000	1153	-0.1021
C3N-00204	3	127230000	144510000	856	-0.0431
C3N-00204	3	144530000	160590000	801	0.0509
C3N-00204	3	160610000	182690000	1100	0.1226
C3N-00204	3	182710000	187710000	249	0.0104
C3N-00204	3	187730000	189770000	103	0.1686
C3N-00204	3	189790000	197850000	397	0.0223
C3N-00204	4	50000	1670000	76	-0.0862
C3N-00204	4	1690000	1790000	6	0.4039
C3N-00204	4	1810000	10230000	408	-0.1045
C3N-00204	4	10250000	70950000	2834	-0.0114
C3N-00204	4	70970000	79190000	401	0.1079
C3N-00204	4	79210000	100290000	1052	-0.0177
C3N-00204	4	100310000	100410000	6	0.7793
C3N-00204	4	100430000	117570000	854	-0.0288
C3N-00204	4	117590000	126270000	425	0.1163
C3N-00204	4	126290000	191030000	3218	-0.4988
C3N-00204	5	30000	11450000	568	0.5941
C3N-00204	5	11470000	40430000	1418	0.6934
C3N-00204	5	40450000	45890000	272	0.597
C3N-00204	5	49570000	129550000	3886	-0.399
C3N-00204	5	129570000	149490000	990	-0.3482
C3N-00204	5	149510000	179290000	1451	-0.3999
C3N-00204	5	179310000	180710000	70	-0.0521
C3N-00204	6	170000	57310000	2821	0.4689
C3N-00204	6	57330000	58070000	38	-0.1123
C3N-00204	6	58150000	58710000	25	0.355
C3N-00204	6	61970000	65670000	179	-0.0199
C3N-00204	6	65690000	119630000	2674	-0.2839
C3N-00204	6	119650000	160070000	2002	-0.1349
C3N-00204	6	160090000	170890000	530	-0.2127
C3N-00204	7	50000	3450000	167	0.1641
C3N-00204	7	3470000	3810000	18	0.4523
C3N-00204	7	3830000	4550000	37	0.1541
C3N-00204	7	4570000	4730000	8	0.5299
C3N-00204	7	4750000	7490000	130	0.1678
C3N-00204	7	7510000	9550000	103	0.3436
C3N-00204	7	9570000	49130000	1960	0.1994
C3N-00204	7	49150000	52250000	153	0.7296
C3N-00204	7	52270000	57750000	252	0.5888
C3N-00204	7	57770000	65590000	111	-0.0574
C3N-00204	7	65610000	68090000	123	0.2988
C3N-00204	7	68110000	69110000	50	-0.2922
C3N-00204	7	69130000	72170000	153	-0.4911
C3N-00204	7	72190000	93130000	949	0.1539
C3N-00204	7	93150000	98950000	288	0.4227
C3N-00204	7	98970000	109050000	481	0.2961
C3N-00204	7	109070000	114250000	259	0.3727
C3N-00204	7	114270000	114570000	16	2.4884
C3N-00204	7	114590000	115570000	50	3.1276
C3N-00204	7	115590000	116010000	22	1.7693
C3N-00204	7	116030000	116270000	13	2.275
C3N-00204	7	116290000	116530000	13	3.4966
C3N-00204	7	116550000	116790000	13	2.4297
C3N-00204	7	116810000	133970000	850	0.3149
C3N-00204	7	133990000	151770000	846	0.482
C3N-00204	7	151790000	159110000	352	0.3912
C3N-00204	8	190000	3650000	174	0.0665
C3N-00204	8	3670000	25990000	1030	0.1553
C3N-00204	8	26010000	99690000	3452	0.2306
C3N-00204	8	99710000	100010000	16	0.8033
C3N-00204	8	100030000	100670000	33	0.2338
C3N-00204	8	100690000	110650000	495	0.6877
C3N-00204	8	110670000	135430000	1236	0.7393
C3N-00204	8	135470000	146290000	526	0.6813
C3N-00204	9	210000	29110000	1435	-0.6279
C3N-00204	9	29130000	31170000	103	-0.4017
C3N-00204	9	31190000	35470000	211	-0.2006
C3N-00204	9	35490000	68390000	176	-0.6737
C3N-00204	9	68410000	128050000	2812	-0.255
C3N-00204	9	128070000	128710000	33	0.5295
C3N-00204	9	128730000	136950000	404	0.3229
C3N-00204	9	136970000	137150000	7	0.9997
C3N-00204	9	137170000	139310000	102	0.2182
C3N-00204	9	139330000	140570000	63	0.3981
C3N-00204	9	140590000	141070000	22	0.2062
C3N-00204	10	110000	4990000	244	-0.0084
C3N-00204	10	5010000	5190000	10	0.3943
C3N-00204	10	5210000	5970000	38	0.0635
C3N-00204	10	5990000	42970000	1615	-0.0421
C3N-00204	10	42990000	79510000	1651	0.0562
C3N-00204	10	79530000	79690000	9	-0.6937
C3N-00204	10	79710000	84930000	248	0.0218
C3N-00204	10	84950000	85350000	21	0.3339
C3N-00204	10	85370000	88550000	160	0.0489
C3N-00204	10	88570000	125650000	1830	-0.3609
C3N-00204	10	125670000	127410000	85	-0.201
C3N-00204	10	127430000	132410000	242	-0.3287
C3N-00204	10	132430000	135430000	144	-0.4647
C3N-00204	11	210000	15010000	720	-0.1737
C3N-00204	11	15030000	59150000	1954	0.0601
C3N-00204	11	59170000	73130000	681	-0.0912
C3N-00204	11	73150000	80510000	364	-0.0458
C3N-00204	11	80530000	80890000	19	-0.3888
C3N-00204	11	80910000	106990000	1267	-0.0307
C3N-00204	11	107010000	134930000	1395	-0.1214
C3N-00204	12	170000	20590000	1010	0.005
C3N-00204	12	20610000	34110000	671	0.2626
C3N-00204	12	34130000	80390000	2105	-0.0834
C3N-00204	12	80410000	81050000	33	-0.5448
C3N-00204	12	81070000	92670000	578	0.0967
C3N-00204	12	92690000	128930000	1797	0.0232
C3N-00204	12	128950000	133830000	237	-0.0566
C3N-00204	13	19270000	44030000	1232	0.0869
C3N-00204	13	44050000	44290000	13	0.4572
C3N-00204	13	44310000	48950000	232	0.0941
C3N-00204	13	48970000	49090000	7	-1.625
C3N-00204	13	49110000	67790000	923	0.1169
C3N-00204	13	67810000	80850000	649	0.0172
C3N-00204	13	80870000	98590000	875	0.1349
C3N-00204	13	98610000	110690000	602	-0.0812
C3N-00204	13	110710000	110810000	6	0.5161
C3N-00204	13	110830000	115090000	193	-0.1221
C3N-00204	14	19090000	20350000	16	-0.2779
C3N-00204	14	20370000	28210000	390	-0.0039
C3N-00204	14	28230000	85650000	2862	-0.2094
C3N-00204	14	85670000	104010000	912	-0.2704
C3N-00204	14	104030000	107270000	159	-0.1676
C3N-00204	15	20070000	20190000	7	0.0789
C3N-00204	15	20410000	22810000	33	-0.3866
C3N-00204	15	22830000	33290000	418	-0.0683
C3N-00204	15	33310000	35390000	100	-0.3179
C3N-00204	15	35410000	36750000	67	-0.0986
C3N-00204	15	36770000	39050000	115	-0.2501
C3N-00204	15	39070000	39650000	30	0.0633
C3N-00204	15	39670000	41050000	70	-0.2757
C3N-00204	15	41070000	41190000	7	0.474
C3N-00204	15	41210000	43850000	133	-0.2436
C3N-00204	15	43910000	45490000	76	0.1216
C3N-00204	15	45510000	46590000	54	0.4
C3N-00204	15	46610000	74850000	1403	0.113
C3N-00204	15	74870000	74970000	6	-0.5436
C3N-00204	15	74990000	91310000	770	0.109
C3N-00204	15	91330000	95670000	217	0.7906
C3N-00204	15	95690000	102390000	334	0.6947
C3N-00204	16	90000	6230000	302	-0.1127
C3N-00204	16	6250000	7210000	48	-0.4536
C3N-00204	16	7230000	21170000	610	-0.0957
C3N-00204	16	21190000	35130000	514	-0.009
C3N-00204	16	46470000	62790000	808	-0.3202
C3N-00204	16	62810000	84950000	1094	-0.262
C3N-00204	16	84970000	90150000	256	-0.3505
C3N-00204	17	10000	10810000	533	-0.4117
C3N-00204	17	10830000	14490000	184	-0.2587
C3N-00204	17	14510000	18110000	166	-0.4088
C3N-00204	17	18130000	19790000	54	2.7707
C3N-00204	17	19810000	22130000	91	1.9472
C3N-00204	17	25290000	39810000	691	0.1646
C3N-00204	17	39830000	63050000	1110	0.4319
C3N-00204	17	63070000	81150000	894	-0.0296
C3N-00204	18	70000	33150000	1455	0.2793
C3N-00204	18	33170000	35690000	127	0.0757
C3N-00204	18	35710000	41870000	308	0.1901
C3N-00204	18	41890000	44530000	130	0.0769
C3N-00204	18	44550000	44650000	6	-0.5367
C3N-00204	18	44670000	64110000	961	0.0987
C3N-00204	18	64130000	64710000	30	0.3617
C3N-00204	18	64730000	78010000	655	0.0827
C3N-00204	19	270000	9330000	438	-0.0676
C3N-00204	19	9350000	24350000	694	-0.0049
C3N-00204	19	28250000	32690000	223	0.7565
C3N-00204	19	32710000	34390000	85	0.5509
C3N-00204	19	34410000	40710000	311	0.2261
C3N-00204	19	40730000	48870000	396	0.0927
C3N-00204	19	48890000	59090000	504	0.4008
C3N-00204	20	70000	23090000	1147	0.2308
C3N-00204	20	23110000	62890000	1799	0.174
C3N-00204	21	9430000	9570000	7	0.2467
C3N-00204	21	9850000	15610000	57	-0.3176
C3N-00204	21	15630000	18190000	129	-0.0798
C3N-00204	21	18210000	24330000	305	-0.2551
C3N-00204	21	24350000	40090000	780	-0.0609
C3N-00204	21	40110000	40250000	8	0.4759
C3N-00204	21	40270000	48090000	385	-0.0685
C3N-00204	22	16930000	25310000	351	0.2721
C3N-00204	22	25330000	26430000	56	0.0842
C3N-00204	22	26450000	29410000	148	0.3226
C3N-00204	22	29430000	31870000	123	0.1164
C3N-00204	22	31890000	40850000	449	0.0169
C3N-00204	22	40870000	41290000	22	0.2538
C3N-00204	22	41310000	42130000	42	0.0562
C3N-00204	22	42150000	51170000	446	-0.194
C3N-00204	23	70000	1990000	79	-0.7114
C3N-00204	23	2010000	6650000	225	-0.5668
C3N-00204	23	6670000	9890000	159	-0.7906
C3N-00204	23	9910000	36270000	1304	0.034
C3N-00204	23	36290000	65850000	1218	-0.2113
C3N-00204	23	65870000	67910000	103	-0.3763
C3N-00204	23	67930000	130570000	2934	-0.5515
C3N-00204	23	130590000	133610000	152	0.2449
C3N-00204	23	133630000	137110000	167	0.1233
C3N-00204	23	137130000	141030000	182	0.2662
C3N-00204	23	141050000	145610000	220	-0.0325
C3N-00204	23	145630000	155230000	442	0.1683
C3N-00204	24	2670000	13370000	161	3e-04
C3N-00204	24	13410000	13570000	6	-0.7834
C3N-00204	24	13590000	59030000	429	-0.0019
C3N-00295	1	750000	12410000	567	0.0101
C3N-00295	1	12430000	55650000	2086	-0.0488
C3N-00295	1	55670000	58830000	158	-0.2248
C3N-00295	1	58850000	150030000	3156	-0.0748
C3N-00295	1	150050000	185890000	1782	0.0763
C3N-00295	1	185910000	186350000	23	0.477
C3N-00295	1	186370000	243690000	2798	0.0545
C3N-00295	1	243710000	248030000	215	0.2637
C3N-00295	1	248050000	249210000	45	0.0808
C3N-00295	2	30000	158570000	7344	-0.0107
C3N-00295	2	158590000	169970000	566	0.0653
C3N-00295	2	169990000	170150000	9	0.7168
C3N-00295	2	170170000	179370000	457	0.0396
C3N-00295	2	179390000	179650000	14	0.6855
C3N-00295	2	179670000	189830000	508	0.0025
C3N-00295	2	189850000	189970000	7	0.9243
C3N-00295	2	189990000	211170000	1051	0.0351
C3N-00295	2	211190000	243050000	1578	-0.0228
C3N-00295	3	70000	3150000	155	-0.1546
C3N-00295	3	3170000	10510000	365	-0.0222
C3N-00295	3	10530000	90230000	3963	-0.1251
C3N-00295	3	90250000	197850000	5184	0.2048
C3N-00295	4	50000	30010000	1470	-0.0914
C3N-00295	4	30030000	68370000	1726	-0.0477
C3N-00295	4	68390000	74370000	298	0.0659
C3N-00295	4	74390000	79910000	267	-0.0518
C3N-00295	4	79930000	191030000	5519	-0.1017
C3N-00295	5	30000	11990000	595	-0.0209
C3N-00295	5	12010000	43910000	1564	0.0711
C3N-00295	5	43930000	180710000	6496	-0.0191
C3N-00295	6	170000	24270000	1199	-0.0557
C3N-00295	6	24290000	159650000	6519	-0.0102
C3N-00295	6	159670000	170890000	551	-0.09
C3N-00295	7	50000	2150000	103	-0.018
C3N-00295	7	2170000	117550000	5304	0.0809
C3N-00295	7	117570000	153110000	1723	-0.0321
C3N-00295	7	153130000	159110000	287	-0.1461
C3N-00295	8	190000	3790000	181	-0.0838
C3N-00295	8	3810000	41110000	1777	0.0346
C3N-00295	8	41130000	134710000	4442	0.1175
C3N-00295	8	134730000	146290000	562	0.0485
C3N-00295	9	210000	90590000	2899	-0.1145
C3N-00295	9	90610000	141070000	2469	0.0297
C3N-00295	10	110000	4830000	236	-0.1119
C3N-00295	10	4850000	129090000	5752	-0.027
C3N-00295	10	129110000	135430000	309	-0.1477
C3N-00295	11	210000	5750000	260	-0.0577
C3N-00295	11	5770000	6470000	36	0.0392
C3N-00295	11	6490000	6630000	8	0.7307
C3N-00295	11	6650000	130390000	5869	0.0476
C3N-00295	11	130410000	134930000	227	-0.0576
C3N-00295	12	170000	6550000	319	0.299
C3N-00295	12	6570000	11790000	254	0.6845
C3N-00295	12	11810000	12870000	54	0.3416
C3N-00295	12	12890000	30210000	862	0.0148
C3N-00295	12	30230000	31510000	62	0.8029
C3N-00295	12	31530000	34550000	150	0.3515
C3N-00295	12	37870000	124410000	4271	-0.0091
C3N-00295	12	124430000	133830000	459	-0.0948
C3N-00295	13	19270000	115090000	4732	0.0108
C3N-00295	14	19090000	107270000	4339	-0.0218
C3N-00295	15	20070000	102390000	3840	-0.12
C3N-00295	16	90000	90150000	3632	0.0742
C3N-00295	17	10000	10310000	508	-0.0137
C3N-00295	17	10330000	10450000	7	0.5955
C3N-00295	17	10470000	26870000	589	-0.0036
C3N-00295	17	26890000	31450000	223	0.1584
C3N-00295	17	31470000	33150000	84	-0.056
C3N-00295	17	33170000	68610000	1696	0.0972
C3N-00295	17	68630000	81150000	616	0.0407
C3N-00295	18	70000	2490000	120	-0.0538
C3N-00295	18	2510000	3070000	29	0.2692
C3N-00295	18	3090000	3470000	20	0.8528
C3N-00295	18	3490000	10570000	354	0.3049
C3N-00295	18	10590000	78010000	3149	-0.0656
C3N-00295	19	270000	6670000	320	0.0122
C3N-00295	19	6690000	12710000	285	0.1549
C3N-00295	19	12730000	16010000	165	0.3166
C3N-00295	19	16030000	22550000	306	0.1727
C3N-00295	19	22570000	24310000	54	-0.0122
C3N-00295	19	24330000	31270000	154	-0.1623
C3N-00295	19	31290000	35690000	221	0.0174
C3N-00295	19	35710000	37230000	74	0.4889
C3N-00295	19	37250000	38170000	46	0.3266
C3N-00295	19	38190000	39210000	52	0.6253
C3N-00295	19	39230000	49190000	486	-0.0903
C3N-00295	19	49210000	50390000	60	0.1074
C3N-00295	19	50410000	59090000	428	-0.0378
C3N-00295	20	70000	62890000	2946	0.0048
C3N-00295	21	9430000	48090000	1671	0.0474
C3N-00295	22	16930000	20290000	152	0.0175
C3N-00295	22	20310000	22470000	67	0.209
C3N-00295	22	22510000	30490000	390	-0.0024
C3N-00295	22	30510000	34030000	177	0.1734
C3N-00295	22	34050000	40430000	320	-0.0035
C3N-00295	22	40450000	43630000	160	0.116
C3N-00295	22	43650000	51170000	371	-0.0052
C3N-00295	23	70000	18570000	892	-0.253
C3N-00295	23	18590000	25690000	353	-0.1322
C3N-00295	23	25710000	63430000	1620	-0.2285
C3N-00295	23	63450000	155230000	4320	0.0147
C3N-00295	24	2670000	59030000	596	-7e-04
C3N-00297	1	750000	15530000	681	0.0477
C3N-00297	1	15550000	24010000	410	-0.2956
C3N-00297	1	24030000	55750000	1567	0.0548
C3N-00297	1	55770000	107870000	2566	-0.0069
C3N-00297	1	107890000	121330000	629	-0.3563
C3N-00297	1	142610000	152150000	219	0.0583
C3N-00297	1	152170000	153390000	62	-0.1999
C3N-00297	1	153410000	156490000	155	0.1037
C3N-00297	1	156510000	173650000	850	-0.0419
C3N-00297	1	173670000	174610000	47	0.195
C3N-00297	1	174630000	177990000	169	-0.1034
C3N-00297	1	178010000	249210000	3475	0.0178
C3N-00297	2	30000	243050000	11534	0.012
C3N-00297	3	70000	93590000	4490	-0.3436
C3N-00297	3	93610000	130470000	1831	-0.0032
C3N-00297	3	130490000	197850000	3346	0.2914
C3N-00297	4	50000	175830000	8525	0.0078
C3N-00297	4	175850000	191030000	755	-0.3011
C3N-00297	5	30000	180710000	8655	0.0109
C3N-00297	6	170000	24550000	1213	0.0277
C3N-00297	6	24570000	55330000	1510	-0.3255
C3N-00297	6	55350000	56690000	68	0.3317
C3N-00297	6	56710000	170890000	5478	0.0079
C3N-00297	7	50000	190000	8	0.1824
C3N-00297	7	210000	1930000	84	0.4993
C3N-00297	7	1950000	4110000	108	0.3289
C3N-00297	7	4130000	6390000	109	0.5634
C3N-00297	7	6410000	159110000	7108	0.018
C3N-00297	8	190000	30150000	1411	-0.3308
C3N-00297	8	30170000	30950000	40	0.186
C3N-00297	8	30970000	43410000	622	0.0108
C3N-00297	8	47030000	146290000	4889	0.283
C3N-00297	9	210000	125630000	4617	0.003
C3N-00297	9	125650000	141070000	751	0.0742
C3N-00297	10	110000	39030000	1897	-0.3093
C3N-00297	10	42650000	90130000	2161	0.0357
C3N-00297	10	90150000	93330000	159	-0.1163
C3N-00297	10	93350000	96370000	152	0.0819
C3N-00297	10	96390000	97210000	42	-0.1307
C3N-00297	10	97230000	106090000	442	0.0705
C3N-00297	10	106110000	111550000	271	-0.0883
C3N-00297	10	111570000	134670000	1135	0.0281
C3N-00297	10	134690000	135430000	38	-0.1735
C3N-00297	11	210000	4570000	201	0.3018
C3N-00297	11	4590000	7850000	163	0.1458
C3N-00297	11	7870000	20610000	635	0.293
C3N-00297	11	20630000	63270000	1879	-0.0185
C3N-00297	11	63290000	63530000	13	0.198
C3N-00297	11	63550000	64850000	66	0.6452
C3N-00297	11	64870000	101990000	1801	0.299
C3N-00297	11	102010000	102970000	48	0.7261
C3N-00297	11	102990000	103230000	13	1.2082
C3N-00297	11	103250000	134930000	1581	-0.3574
C3N-00297	12	170000	14910000	728	0.2844
C3N-00297	12	14930000	87950000	3434	0.0157
C3N-00297	12	87970000	88190000	12	-0.5568
C3N-00297	12	88210000	133830000	2257	0.0197
C3N-00297	13	19270000	39710000	1017	-0.3316
C3N-00297	13	39730000	115090000	3715	0.0317
C3N-00297	14	19090000	107270000	4339	0.0127
C3N-00297	15	20070000	102390000	3840	0.0165
C3N-00297	16	90000	51890000	1741	0.0374
C3N-00297	16	51910000	52450000	28	-0.287
C3N-00297	16	52470000	90150000	1863	0.0283
C3N-00297	17	10000	81150000	3723	0.0434
C3N-00297	18	70000	4690000	230	0.0429
C3N-00297	18	4710000	5550000	43	-0.1904
C3N-00297	18	5570000	22890000	671	0.0471
C3N-00297	18	22910000	26110000	161	0.2808
C3N-00297	18	26130000	78010000	2567	-0.3441
C3N-00297	19	270000	7910000	373	-0.3119
C3N-00297	19	7930000	24010000	749	-0.0351
C3N-00297	19	24030000	59090000	1529	-0.0988
C3N-00297	20	70000	7630000	377	0.0244
C3N-00297	20	7650000	29890000	930	-0.0305
C3N-00297	20	29910000	37970000	402	0.0571
C3N-00297	20	37990000	38130000	8	-0.4761
C3N-00297	20	38150000	62890000	1229	0.037
C3N-00297	21	9430000	48090000	1671	0.0316
C3N-00297	22	16930000	51170000	1637	0.0395
C3N-00297	23	70000	2650000	109	-0.3107
C3N-00297	23	2670000	54610000	2517	-0.0072
C3N-00297	23	54630000	154730000	4534	-0.0746
C3N-00297	23	154750000	155230000	25	-0.46
C3N-00297	24	2670000	59030000	596	-0.8907
C3N-00299	1	750000	2550000	88	-0.0153
C3N-00299	1	2570000	6230000	170	-0.1582
C3N-00299	1	6250000	12630000	320	0.0198
C3N-00299	1	12650000	20830000	355	-0.0668
C3N-00299	1	20850000	29750000	443	0.0488
C3N-00299	1	29770000	31010000	55	-0.2425
C3N-00299	1	31030000	34050000	150	0.0719
C3N-00299	1	34070000	34450000	20	-0.3511
C3N-00299	1	34470000	47190000	631	-0.0028
C3N-00299	1	47210000	50390000	158	-0.1943
C3N-00299	1	50410000	115450000	3199	-0.0159
C3N-00299	1	115470000	149810000	368	-0.1432
C3N-00299	1	149850000	152130000	114	0.1278
C3N-00299	1	152150000	178610000	1315	-0.085
C3N-00299	1	178630000	248430000	3419	-0.0256
C3N-00299	1	248450000	249210000	25	-0.42
C3N-00299	2	30000	4170000	205	-0.2813
C3N-00299	2	4190000	5730000	72	-0.0152
C3N-00299	2	5750000	7350000	80	-0.2287
C3N-00299	2	7370000	65830000	2904	-0.0239
C3N-00299	2	65850000	138150000	3076	-0.0725
C3N-00299	2	138170000	234490000	4776	-0.0024
C3N-00299	2	234510000	243050000	421	-0.1509
C3N-00299	3	70000	47010000	2337	-0.0788
C3N-00299	3	47030000	50630000	179	0.0835
C3N-00299	3	50650000	75530000	1237	-0.0638
C3N-00299	3	75550000	110590000	1582	0.0013
C3N-00299	3	110610000	140870000	1502	-0.094
C3N-00299	3	140890000	197850000	2830	-0.0103
C3N-00299	4	50000	25030000	1222	-0.0906
C3N-00299	4	25050000	69590000	2035	0.0144
C3N-00299	4	69610000	70670000	53	-0.3318
C3N-00299	4	70690000	181810000	5514	-0.0208
C3N-00299	4	181830000	181930000	6	-0.4983
C3N-00299	4	181950000	189910000	398	-0.049
C3N-00299	4	189930000	191030000	52	-0.2998
C3N-00299	5	30000	11330000	562	-0.1552
C3N-00299	5	11350000	180710000	8093	-0.0373
C3N-00299	6	170000	390000	12	0.198
C3N-00299	6	410000	6950000	326	0.4886
C3N-00299	6	6970000	14530000	379	0.5978
C3N-00299	6	14550000	148690000	6462	-0.0271
C3N-00299	6	148710000	160890000	601	-0.3067
C3N-00299	6	160910000	161270000	18	-0.8597
C3N-00299	6	161290000	166830000	278	-0.3474
C3N-00299	6	166850000	170890000	193	-0.5536
C3N-00299	7	50000	530000	23	-0.3149
C3N-00299	7	550000	57870000	2809	-0.0514
C3N-00299	7	57890000	85790000	1018	0.0483
C3N-00299	7	85810000	153490000	3298	-0.0285
C3N-00299	7	153510000	154190000	31	-0.3434
C3N-00299	7	154210000	157410000	155	-0.1214
C3N-00299	7	157430000	158250000	41	-0.4901
C3N-00299	7	158270000	159110000	42	-0.2477
C3N-00299	8	190000	2390000	111	-0.5912
C3N-00299	8	2410000	18030000	698	-0.3141
C3N-00299	8	18050000	109830000	4350	-0.0293
C3N-00299	8	109850000	126730000	844	0.2163
C3N-00299	8	126750000	144410000	875	0.109
C3N-00299	8	144430000	146290000	84	0.2372
C3N-00299	9	210000	141070000	5368	0.1796
C3N-00299	10	110000	3610000	175	-0.1974
C3N-00299	10	3630000	44450000	1806	-0.0148
C3N-00299	10	44470000	50670000	190	-0.2069
C3N-00299	10	50690000	64730000	656	-0.0339
C3N-00299	10	64750000	77250000	619	0.0374
C3N-00299	10	77270000	80590000	165	-0.1793
C3N-00299	10	80610000	86950000	305	-0.0513
C3N-00299	10	86970000	88110000	58	-0.2524
C3N-00299	10	88130000	117550000	1450	-0.0224
C3N-00299	10	117570000	127150000	474	-0.0918
C3N-00299	10	127170000	135430000	399	-0.1897
C3N-00299	11	210000	8150000	379	0.3211
C3N-00299	11	8170000	8890000	37	0.0509
C3N-00299	11	8910000	10310000	71	0.3338
C3N-00299	11	10330000	45970000	1774	0.1591
C3N-00299	11	45990000	50270000	197	0.2413
C3N-00299	11	50290000	131530000	3772	-0.0456
C3N-00299	11	131550000	134930000	170	-0.247
C3N-00299	12	170000	10010000	484	-0.1039
C3N-00299	12	10030000	125590000	5546	-0.013
C3N-00299	12	125610000	133830000	401	-0.1626
C3N-00299	13	19270000	83410000	3183	-0.0165
C3N-00299	13	83430000	92390000	440	0.0917
C3N-00299	13	92410000	109890000	871	-0.013
C3N-00299	13	109910000	115090000	238	-0.2206
C3N-00299	14	19090000	106010000	4277	-0.029
C3N-00299	14	106030000	107270000	62	-0.4179
C3N-00299	15	20070000	40810000	828	0.1441
C3N-00299	15	40830000	45290000	218	0.3241
C3N-00299	15	45310000	102390000	2794	0.1807
C3N-00299	16	90000	67170000	2501	-0.0298
C3N-00299	16	67190000	70790000	174	0.107
C3N-00299	16	70810000	90150000	957	-0.0456
C3N-00299	17	10000	170000	9	-0.4243
C3N-00299	17	190000	10290000	498	0.0032
C3N-00299	17	10310000	10430000	7	-0.8224
C3N-00299	17	10450000	49310000	1647	0.0032
C3N-00299	17	49330000	55830000	325	-0.0974
C3N-00299	17	55850000	80730000	1216	0.028
C3N-00299	17	80750000	81150000	21	-0.33
C3N-00299	18	70000	6810000	335	0.1688
C3N-00299	18	6830000	62370000	2565	-0.0396
C3N-00299	18	62390000	66850000	223	0.1128
C3N-00299	18	66870000	71410000	228	-0.0117
C3N-00299	18	71430000	78010000	321	-0.1827
C3N-00299	19	270000	23070000	1096	0.0525
C3N-00299	19	23130000	32890000	269	-0.0977
C3N-00299	19	32910000	51330000	902	0.0137
C3N-00299	19	51350000	59090000	384	-0.059
C3N-00299	20	70000	18870000	936	-0.0449
C3N-00299	20	18890000	29630000	367	-0.1782
C3N-00299	20	29650000	36330000	324	0.0326
C3N-00299	20	36350000	62890000	1319	-0.0858
C3N-00299	21	9430000	15710000	69	-0.1336
C3N-00299	21	15730000	20670000	246	0.0114
C3N-00299	21	20690000	25130000	223	0.163
C3N-00299	21	25150000	35190000	496	0.0146
C3N-00299	21	35210000	45750000	522	-0.0787
C3N-00299	21	45770000	48090000	115	-0.2382
C3N-00299	22	16930000	51170000	1637	-0.0393
C3N-00299	23	70000	22250000	1074	-0.0536
C3N-00299	23	22270000	34410000	601	0.0412
C3N-00299	23	34430000	155230000	5510	-0.0906
C3N-00299	24	2670000	59030000	596	-0.0823
C3N-00306	1	750000	2570000	89	0.0996
C3N-00306	1	2590000	5850000	150	-0.1938
C3N-00306	1	5870000	7150000	65	0.066
C3N-00306	1	7170000	7630000	24	-0.24
C3N-00306	1	7650000	12490000	243	0.0653
C3N-00306	1	12510000	15610000	114	-0.0834
C3N-00306	1	15630000	16810000	59	0.1411
C3N-00306	1	16830000	20770000	186	-0.0671
C3N-00306	1	20790000	29690000	443	0.1014
C3N-00306	1	29710000	30890000	52	-0.3337
C3N-00306	1	30910000	33990000	153	0.0904
C3N-00306	1	34010000	35370000	69	-0.2095
C3N-00306	1	35390000	36770000	70	0.2052
C3N-00306	1	36790000	39230000	122	-0.1069
C3N-00306	1	39250000	41650000	120	0.1465
C3N-00306	1	41670000	42510000	43	-0.1498
C3N-00306	1	42530000	47170000	229	0.0884
C3N-00306	1	47190000	50850000	182	-0.1531
C3N-00306	1	50870000	53550000	135	0.2306
C3N-00306	1	53570000	55730000	109	-0.0071
C3N-00306	1	55750000	61450000	285	-0.2181
C3N-00306	1	61470000	102550000	2035	0.0013
C3N-00306	1	102570000	145110000	895	-0.2156
C3N-00306	1	145390000	146790000	36	0.1685
C3N-00306	1	146810000	149850000	50	-0.2219
C3N-00306	1	149870000	151970000	105	0.1887
C3N-00306	1	151990000	153450000	74	-0.229
C3N-00306	1	153470000	157050000	180	0.1649
C3N-00306	1	157070000	176290000	953	-0.0515
C3N-00306	1	176310000	177890000	80	-0.304
C3N-00306	1	177910000	180790000	145	0.1478
C3N-00306	1	180810000	182050000	63	-0.2048
C3N-00306	1	182070000	184650000	129	0.0296
C3N-00306	1	184670000	188470000	191	0.1088
C3N-00306	1	188490000	188650000	9	-0.5642
C3N-00306	1	188670000	248290000	2911	0.1441
C3N-00306	1	248310000	249210000	32	-0.1826
C3N-00306	2	30000	4170000	205	-0.2724
C3N-00306	2	4190000	21090000	834	-0.0942
C3N-00306	2	21110000	23650000	126	-0.2258
C3N-00306	2	23670000	234490000	9948	-0.0129
C3N-00306	2	234510000	243050000	421	-0.174
C3N-00306	3	70000	31570000	1567	-0.2121
C3N-00306	3	31590000	33570000	100	-0.0282
C3N-00306	3	33590000	33670000	5	0.6406
C3N-00306	3	33690000	33910000	12	0.0316
C3N-00306	3	33930000	47010000	653	-0.2417
C3N-00306	3	47030000	50130000	154	0.0464
C3N-00306	3	50150000	53430000	165	-0.1211
C3N-00306	3	53450000	56450000	151	-0.2869
C3N-00306	3	56470000	58210000	87	-0.0085
C3N-00306	3	58230000	77570000	960	-0.2426
C3N-00306	3	77590000	90290000	632	-0.0952
C3N-00306	3	93530000	139090000	2262	0.1162
C3N-00306	3	139110000	140510000	71	-0.2358
C3N-00306	3	140530000	197850000	2848	0.1843
C3N-00306	4	50000	22330000	1087	-0.2604
C3N-00306	4	22350000	28870000	326	0.1149
C3N-00306	4	28890000	79850000	2345	-0.0306
C3N-00306	4	79870000	93090000	660	-0.1593
C3N-00306	4	93110000	187530000	4691	-0.0264
C3N-00306	4	187550000	190270000	137	-0.1787
C3N-00306	4	190290000	191030000	34	-0.6542
C3N-00306	5	30000	12630000	626	0.0942
C3N-00306	5	12650000	12810000	9	0.7424
C3N-00306	5	12830000	17970000	254	0.137
C3N-00306	5	17990000	39950000	1073	0.2756
C3N-00306	5	39970000	45730000	288	0.1454
C3N-00306	5	45750000	56610000	359	-0.1133
C3N-00306	5	56630000	64470000	391	-0.2497
C3N-00306	5	64490000	65490000	50	0.1439
C3N-00306	5	65510000	68270000	139	-0.3337
C3N-00306	5	68290000	109230000	1941	-0.0192
C3N-00306	5	109250000	116150000	346	-0.1654
C3N-00306	5	116170000	135290000	953	-0.0343
C3N-00306	5	135310000	136950000	83	-0.2818
C3N-00306	5	136970000	143010000	299	0.0501
C3N-00306	5	143030000	151230000	409	-0.108
C3N-00306	5	151250000	152130000	45	-0.486
C3N-00306	5	152150000	162770000	524	-0.1561
C3N-00306	5	162790000	166490000	185	0.1698
C3N-00306	5	166510000	176290000	476	-0.0094
C3N-00306	5	176310000	180710000	205	0.1037
C3N-00306	6	170000	6530000	317	-0.1228
C3N-00306	6	6550000	39930000	1642	0.0095
C3N-00306	6	39950000	41450000	76	-0.2236
C3N-00306	6	41470000	57290000	785	0.0997
C3N-00306	6	57310000	67430000	331	-0.2223
C3N-00306	6	67450000	141250000	3658	-5e-04
C3N-00306	6	141270000	160090000	931	-0.1605
C3N-00306	6	160110000	165410000	265	-0.0113
C3N-00306	6	165430000	170890000	264	-0.2155
C3N-00306	7	50000	530000	23	0.0316
C3N-00306	7	550000	23770000	1150	0.3137
C3N-00306	7	23790000	71850000	2076	0.241
C3N-00306	7	71870000	84710000	547	0.3158
C3N-00306	7	84730000	110930000	1281	0.1942
C3N-00306	7	110950000	121190000	512	0.4616
C3N-00306	7	121210000	152490000	1512	-0.1505
C3N-00306	7	152550000	156370000	181	-0.3427
C3N-00306	7	156390000	157150000	39	-0.0245
C3N-00306	7	157170000	159110000	96	-0.4034
C3N-00306	8	190000	2350000	109	-0.6054
C3N-00306	8	2370000	12650000	433	-0.2636
C3N-00306	8	12670000	18210000	276	-0.0064
C3N-00306	8	18230000	30290000	600	-0.1635
C3N-00306	8	30310000	31030000	37	0.1553
C3N-00306	8	31050000	47350000	626	-0.1473
C3N-00306	8	47470000	90010000	2093	0.0684
C3N-00306	8	90030000	98610000	428	-0.0742
C3N-00306	8	98630000	106070000	371	0.0896
C3N-00306	8	106090000	126570000	1022	0.2471
C3N-00306	8	126590000	146290000	967	0.0964
C3N-00306	9	210000	68430000	1927	-0.1948
C3N-00306	9	68510000	114050000	2114	0.1457
C3N-00306	9	114070000	115510000	73	0.4144
C3N-00306	9	115530000	117470000	97	0.1807
C3N-00306	9	117490000	123270000	288	-0.0251
C3N-00306	9	123290000	141070000	869	0.2374
C3N-00306	10	110000	7530000	370	-0.2713
C3N-00306	10	7550000	49770000	1756	-0.1218
C3N-00306	10	49790000	67350000	832	-0.017
C3N-00306	10	67370000	71030000	182	0.1533
C3N-00306	10	71050000	73870000	141	-0.016
C3N-00306	10	73890000	76950000	150	0.2022
C3N-00306	10	76970000	88170000	546	-0.1207
C3N-00306	10	88190000	91910000	169	0.0384
C3N-00306	10	91930000	93410000	75	-0.1516
C3N-00306	10	93430000	106150000	635	0.0825
C3N-00306	10	106170000	124270000	902	-0.0554
C3N-00306	10	124290000	135430000	539	-0.1536
C3N-00306	11	210000	60130000	2723	-0.0423
C3N-00306	11	60150000	78330000	887	0.0631
C3N-00306	11	78350000	95490000	831	-0.099
C3N-00306	11	95510000	108770000	653	0.0306
C3N-00306	11	108790000	109670000	45	-0.3671
C3N-00306	11	109690000	112250000	128	0.0485
C3N-00306	11	112270000	112850000	30	-0.3784
C3N-00306	11	112870000	118110000	263	-0.0724
C3N-00306	11	118130000	119290000	59	0.18
C3N-00306	11	119310000	130330000	551	-0.0649
C3N-00306	11	130350000	133750000	171	-0.3229
C3N-00306	11	133770000	134270000	26	0.0769
C3N-00306	11	134290000	134930000	33	-0.4337
C3N-00306	12	170000	1970000	90	-0.0619
C3N-00306	12	1990000	6010000	202	-0.3079
C3N-00306	12	6030000	31390000	1253	-0.1187
C3N-00306	12	31410000	33130000	87	0.2462
C3N-00306	12	33150000	39050000	101	-0.2078
C3N-00306	12	39070000	120370000	4040	0.0127
C3N-00306	12	120390000	124250000	191	0.1893
C3N-00306	12	124270000	125790000	76	5e-04
C3N-00306	12	125810000	132130000	311	-0.2388
C3N-00306	12	132150000	132590000	23	0.1021
C3N-00306	12	132610000	133130000	22	-0.2279
C3N-00306	12	133150000	133830000	35	0.1229
C3N-00306	13	19270000	47970000	1428	-0.1515
C3N-00306	13	47990000	48330000	18	-0.6854
C3N-00306	13	48350000	64970000	820	-0.1355
C3N-00306	13	64990000	70090000	254	0.0504
C3N-00306	13	70110000	70710000	31	0.6128
C3N-00306	13	70730000	96610000	1281	0.0637
C3N-00306	13	96630000	111550000	744	-0.063
C3N-00306	13	111570000	113110000	70	-0.3675
C3N-00306	13	113130000	114170000	52	-8e-04
C3N-00306	13	114190000	115010000	30	-0.3194
C3N-00306	13	115030000	115090000	4	0.2802
C3N-00306	14	19090000	24850000	238	-0.0592
C3N-00306	14	24870000	26310000	73	-0.4328
C3N-00306	14	26330000	30870000	228	-0.1259
C3N-00306	14	30890000	32310000	72	0.2787
C3N-00306	14	32330000	34850000	126	-0.016
C3N-00306	14	34870000	36350000	75	0.3546
C3N-00306	14	36370000	38030000	84	0.0211
C3N-00306	14	38050000	49990000	594	-0.1366
C3N-00306	14	50010000	51270000	64	0.1812
C3N-00306	14	51290000	63910000	628	-0.1109
C3N-00306	14	63930000	65270000	68	0.1647
C3N-00306	14	65290000	94190000	1441	-0.0794
C3N-00306	14	94210000	99830000	280	-0.2234
C3N-00306	14	99850000	106010000	306	-0.1037
C3N-00306	14	106030000	106730000	35	-0.6342
C3N-00306	14	106750000	107270000	27	-0.2768
C3N-00306	15	20070000	40770000	826	-0.1373
C3N-00306	15	40790000	45910000	251	0.0781
C3N-00306	15	45930000	52970000	351	-0.0784
C3N-00306	15	52990000	55470000	124	-0.2841
C3N-00306	15	55490000	57850000	119	0.042
C3N-00306	15	57870000	58790000	47	-0.3506
C3N-00306	15	58810000	60970000	106	-0.0142
C3N-00306	15	60990000	62150000	59	-0.2907
C3N-00306	15	62170000	63890000	87	-0.0405
C3N-00306	15	63910000	66710000	140	0.0953
C3N-00306	15	66730000	72110000	270	-0.1361
C3N-00306	15	72130000	77690000	274	1e-04
C3N-00306	15	77710000	102390000	1186	-0.1241
C3N-00306	16	90000	66350000	2460	-0.0019
C3N-00306	16	66370000	70970000	223	0.1634
C3N-00306	16	70990000	71110000	7	0.8795
C3N-00306	16	71130000	72010000	44	0.0828
C3N-00306	16	72030000	77690000	281	0.0409
C3N-00306	16	77710000	88390000	531	-0.1041
C3N-00306	16	88450000	90150000	86	0.016
C3N-00306	17	10000	5470000	266	0.082
C3N-00306	17	5490000	6790000	66	-0.1356
C3N-00306	17	6810000	9530000	137	0.1487
C3N-00306	17	9550000	26310000	607	-0.0156
C3N-00306	17	26330000	31130000	235	0.1458
C3N-00306	17	31150000	33250000	105	-0.2577
C3N-00306	17	33270000	49450000	752	0.1093
C3N-00306	17	49470000	56470000	349	-0.0912
C3N-00306	17	56490000	64410000	380	0.1531
C3N-00306	17	64430000	65050000	32	-0.1435
C3N-00306	17	65070000	66270000	61	0.2092
C3N-00306	17	66290000	72810000	325	-0.0621
C3N-00306	17	72830000	74850000	102	0.1467
C3N-00306	17	74870000	81150000	306	-0.0104
C3N-00306	18	70000	1590000	75	0.0621
C3N-00306	18	1610000	1950000	18	-0.44
C3N-00306	18	1970000	14230000	611	0.0141
C3N-00306	18	14250000	14690000	9	-0.7378
C3N-00306	18	14710000	30390000	604	0.0413
C3N-00306	18	30410000	78010000	2355	-0.1869
C3N-00306	19	270000	24310000	1130	0.0978
C3N-00306	19	24330000	32330000	207	-0.1916
C3N-00306	19	32350000	59090000	1314	0.0431
C3N-00306	20	70000	4170000	205	0.1603
C3N-00306	20	4190000	4470000	15	-0.206
C3N-00306	20	4490000	6110000	82	0.2087
C3N-00306	20	6130000	13490000	367	0.0055
C3N-00306	20	13510000	14430000	47	0.3278
C3N-00306	20	14450000	19170000	235	-0.0051
C3N-00306	20	19190000	19590000	21	-0.3269
C3N-00306	20	19610000	21530000	97	0.1152
C3N-00306	20	21550000	24430000	145	-0.1898
C3N-00306	20	24450000	29870000	92	0.0013
C3N-00306	20	29890000	35910000	300	0.2607
C3N-00306	20	35930000	47570000	582	-0.0349
C3N-00306	20	47590000	54290000	335	0.1454
C3N-00306	20	54310000	58570000	213	-0.0296
C3N-00306	20	58590000	60670000	104	-0.2378
C3N-00306	20	60690000	62890000	106	0.0385
C3N-00306	21	9430000	15470000	57	-0.193
C3N-00306	21	15490000	39010000	1167	0.0312
C3N-00306	21	39030000	48090000	447	-0.1031
C3N-00306	22	16930000	23010000	242	0.0016
C3N-00306	22	23030000	23110000	5	-0.8703
C3N-00306	22	23130000	28210000	248	-0.0962
C3N-00306	22	28230000	32410000	210	0.0877
C3N-00306	22	32430000	36050000	182	-0.146
C3N-00306	22	36070000	47170000	556	0.0152
C3N-00306	22	47190000	50170000	147	-0.2083
C3N-00306	22	50190000	51170000	47	0.0899
C3N-00306	23	70000	14810000	705	-0.1092
C3N-00306	23	14830000	54610000	1921	0.0135
C3N-00306	23	54630000	69430000	538	-0.174
C3N-00306	23	69450000	70750000	66	0.2891
C3N-00306	23	70770000	95910000	1098	-0.0897
C3N-00306	23	95930000	155230000	2857	0.1968
C3N-00306	24	2670000	59030000	596	-0.5358
